Workbook

Sheet Planilha1
Z1: 47850 | AJ1: 46389
Z2: 100000
B3: Data | C3: Fechamento WSP(S&P) | D3: Data | E3: Fechamento DOL PTAX | F3: Data | G3: Fechamento T10 | H3: T10 adj | I3: Data | J3: Fechamento WDO | L3: Data | M3: Fechamento DAPQ26 | N3: Data | O3: Fechamento DAPK27 | P3: Data | Q3: Fechamento DAPQ28 | R3: Data | S3: Fechamento DAPQ30 | T3: Data | U3: Fechamento DAPQ32 | V3: Data | W3: Fechamento DAPK35 | X3: Data | Y3: du | Z3: Fechamento | AD3: vol1 | AE3: retorno1 | AF3: peso1 | AG3: var1 | AJ3: Data | AK3: du | AL3: Fechamento | AP3: ret1*w1 | AQ3: ret2*w2 | AR3: ret port | AT3: VaR 95% portfolio | AU3: 60000 | AV3: 0.0001
B4: 45639 | C4: 6033.98 | D4: 45639 | E4: 6.0394 | F4: 45639 | G4: 109.925 | H4: =G4*E4*1000 -> 663881.04 | I4: 45639 | J4: 6073.5 | K4: =J4*10 -> 60735 | L4: 45639 | M4: 8.22 | N4: 45639 | O4: 8.03 | P4: 45639 | Q4: 7.79 | R4: 45639 | S4: 7.3 | T4: 45639 | U4: 7.14 | V4: 45639 | W4: 6.9 | X4: 45639 | Y4: =NETWORKDAYS(X4,$Z$1,FERIADO!$A$2:$A$408) -> 1528 | Z4: 14.04 | AA4: =$Z$2/(1+Z4/100)^(Y4/252) -> 45085.207 | AB4: =LOG(AA4/AA5) -> -0.0041674776 | AD4: =_xlfn.STDEV.S(AB4:AB1237)*SQRT(252) -> 0.08837353 | AE4: {=AVERAGE(AB4:AB1237*252)} -> -0.003236543 | AF4: 0.5 | AG4: =_xlfn.PERCENTILE.INC(AB4:AB1237,0.05) -> -0.0075368286 | AJ4: 45639 | AK4: =NETWORKDAYS(AJ4,$AJ$1,FERIADO!$A$2:$A$408) -> 515 | AL4: 14.885 | AM4: =$Z$2/(1+AL4/100)^(AK4/252) -> 75308.292 | AN4: =LOG(AM4/AM5) -> -0.0011164836 | AP4: =AB4*$AF$4 -> -0.0020837388 | AQ4: =AN4*$AF$7 -> -0.00033494507 | AR4: =AQ4+AP4 -> -0.0024186839 | AT4: VaR 95% | AU4: =_xlfn.PERCENTILE.INC(AR4:AR1237,0.05) -> -0.0050019286
B5: 45638 | C5: 6045.59 | D5: 45638 | E5: 5.9402 | F5: 45638 | G5: 110.351 | H5: =G5*E5*1000 -> 655507.01 | I5: 45638 | J5: 5984.5 | K5: =J5*10 -> 59845 | L5: 45638 | M5: 8.07 | N5: 45638 | O5: 7.85 | P5: 45638 | Q5: 7.66 | R5: 45638 | S5: 7.24 | T5: 45638 | U5: 7.07 | V5: 45638 | W5: 6.94 | X5: 45638 | Y5: =NETWORKDAYS(X5,$Z$1,FERIADO!$A$2:$A$408) -> 1529 | Z5: 13.85 | AA5: =$Z$2/(1+Z5/100)^(Y5/252) -> 45519.926 | AB5: =LOG(AA5/AA6) -> -0.0062692976 | AJ5: 45638 | AK5: =NETWORKDAYS(AJ5,$AJ$1,FERIADO!$A$2:$A$408) -> 516 | AL5: 14.71 | AM5: =$Z$2/(1+AL5/100)^(AK5/252) -> 75502.144 | AN5: =LOG(AM5/AM6) -> -0.002564131 | AP5: =AB5*$AF$4 -> -0.0031346488 | AQ5: =AN5*$AF$7 -> -0.0007692393 | AR5: =AQ5+AP5 -> -0.0039038881
B6: 45637 | C6: 6085.3 | D6: 45637 | E6: 6.0314 | F6: 45637 | G6: 110.669 | H6: =G6*E6*1000 -> 667489.01 | I6: 45637 | J6: 5965 | K6: =J6*10 -> 59650 | L6: 45637 | M6: 7.56 | N6: 45637 | O6: 7.46 | P6: 45637 | Q6: 7.34 | R6: 45637 | S6: 7.05 | T6: 45637 | U6: 6.97 | V6: 45637 | W6: 6.81 | X6: 45637 | Y6: =NETWORKDAYS(X6,$Z$1,FERIADO!$A$2:$A$408) -> 1530 | Z6: 13.57 | AA6: =$Z$2/(1+Z6/100)^(Y6/252) -> 46181.799 | AB6: =LOG(AA6/AA7) -> 0.0081065387 | AD6: vol2 | AE6: retorno2 | AF6: peso2 | AG6: var2 | AJ6: 45637 | AK6: =NETWORKDAYS(AJ6,$AJ$1,FERIADO!$A$2:$A$408) -> 517 | AL6: 14.35 | AM6: =$Z$2/(1+AL6/100)^(AK6/252) -> 75949.237 | AN6: =LOG(AM6/AM7) -> 0.0024922244 | AP6: =AB6*$AF$4 -> 0.0040532693 | AQ6: =AN6*$AF$7 -> 0.00074766731 | AR6: =AQ6+AP6 -> 0.0048009367 | AT6: 1 | AU6: =AM4 -> 75308.292 | AV6: =AU6/$AU$8*$AV$8 -> -376.6867 | AW6: =$AU$3/AV6 -> -159.28356
B7: 45636 | C7: 6031.88 | D7: 45636 | E7: 6.0523 | F7: 45636 | G7: 110.927 | H7: =G7*E7*1000 -> 671363.48 | I7: 45636 | J7: 6057.5 | K7: =J7*10 -> 60575 | L7: 45636 | M7: 7.63 | N7: 45636 | O7: 7.6 | P7: 45636 | Q7: 7.53 | R7: 45636 | S7: 7.25 | T7: 45636 | U7: 7.14 | V7: 45636 | W7: 6.97 | X7: 45636 | Y7: =NETWORKDAYS(X7,$Z$1,FERIADO!$A$2:$A$408) -> 1531 | Z7: 13.91 | AA7: =$Z$2/(1+Z7/100)^(Y7/252) -> 45327.765 | AB7: =LOG(AA7/AA8) -> 0.010403237 | AD7: =_xlfn.STDEV.S(AN4:AN1237)*SQRT(252) -> 0.054886846 | AE7: {=AVERAGE(AN4:AN1237*252)} -> 0.015493358 | AF7: 0.3 | AG7: =_xlfn.PERCENTILE.INC(AN4:AN1237,0.05) -> -0.0043249773 | AJ7: 45636 | AK7: =NETWORKDAYS(AJ7,$AJ$1,FERIADO!$A$2:$A$408) -> 518 | AL7: 14.64 | AM7: =$Z$2/(1+AL7/100)^(AK7/252) -> 75514.646 | AN7: =LOG(AM7/AM8) -> 0.0031953795 | AP7: =AB7*$AF$4 -> 0.0052016183 | AQ7: =AN7*$AF$7 -> 0.00095861386 | AR7: =AQ7+AP7 -> 0.0061602322 | AT7: 2 | AU7: =AA4 -> 45085.207 | AV7: =AU7/$AU$8*$AV$8 -> -225.51299 | AW7: =$AU$3/AV7 -> -266.06007
B8: 45635 | C8: 6047.66 | D8: 45635 | E8: 6.0564 | F8: 45635 | G8: 111.18 | H8: =G8*E8*1000 -> 673350.55 | I8: 45635 | J8: 6092 | K8: =J8*10 -> 60920 | L8: 45635 | M8: 7.76 | N8: 45635 | O8: 7.71 | P8: 45635 | Q8: 7.65 | R8: 45635 | S8: 7.34 | T8: 45635 | U8: 7.24 | V8: 45635 | W8: 7.08 | X8: 45635 | Y8: =NETWORKDAYS(X8,$Z$1,FERIADO!$A$2:$A$408) -> 1532 | Z8: 14.35 | AA8: =$Z$2/(1+Z8/100)^(Y8/252) -> 44254.87 | AB8: =LOG(AA8/AA9) -> -0.0060143974 | AJ8: 45635 | AK8: =NETWORKDAYS(AJ8,$AJ$1,FERIADO!$A$2:$A$408) -> 519 | AL8: 15.02 | AM8: =$Z$2/(1+AL8/100)^(AK8/252) -> 74961.076 | AN8: =LOG(AM8/AM9) -> -0.002333683 | AP8: =AB8*$AF$4 -> -0.0030071987 | AQ8: =AN8*$AF$7 -> -0.00070010489 | AR8: =AQ8+AP8 -> -0.0037073036 | AU8: =SUM(AU6:AU7) -> 120393.5 | AV8: =AU4*AU8 -> -602.19969
B9: 45632 | C9: 6082.65 | D9: 45632 | E9: 6.0287 | F9: 45632 | G9: 111.5 | H9: =G9*E9*1000 -> 672200.05 | I9: 45632 | J9: 6101.5 | K9: =J9*10 -> 61015 | L9: 45632 | M9: 7.68 | N9: 45632 | O9: 7.68 | P9: 45632 | Q9: 7.64 | R9: 45632 | S9: 7.3 | T9: 45632 | U9: 7.21 | V9: 45632 | W9: 7.05 | X9: 45632 | Y9: =NETWORKDAYS(X9,$Z$1,FERIADO!$A$2:$A$408) -> 1533 | Z9: 14.08 | AA9: =$Z$2/(1+Z9/100)^(Y9/252) -> 44872.004 | AB9: =LOG(AA9/AA10) -> -0.0027873063 | AD9: retorno diario | AE9: retorno na | AF9: cov | AG9: corr | AJ9: 45632 | AK9: =NETWORKDAYS(AJ9,$AJ$1,FERIADO!$A$2:$A$408) -> 520 | AL9: 14.69 | AM9: =$Z$2/(1+AL9/100)^(AK9/252) -> 75364.964 | AN9: =LOG(AM9/AM10) -> -0.0018015897 | AP9: =AB9*$AF$4 -> -0.0013936532 | AQ9: =AN9*$AF$7 -> -0.0005404769 | AR9: =AQ9+AP9 -> -0.0019341301
B10: 45631 | C10: 6080.81 | D10: 45631 | E10: 5.9843 | F10: 45631 | G10: 111.232 | H10: =G10*E10*1000 -> 665645.66 | I10: 45631 | J10: 6030 | K10: =J10*10 -> 60300 | L10: 45631 | M10: 7.49 | N10: 45631 | O10: 7.47 | P10: 45631 | Q10: 7.38 | R10: 45631 | S10: 7.16 | T10: 45631 | U10: 7.1 | V10: 45631 | W10: 6.95 | X10: 45631 | Y10: =NETWORKDAYS(X10,$Z$1,FERIADO!$A$2:$A$408) -> 1534 | Z10: 13.95 | AA10: =$Z$2/(1+Z10/100)^(Y10/252) -> 45160.919 | AB10: =LOG(AA10/AA11) -> -0.0011682393 | AD10: =AF4*AE4+AF7*AE7 -> 0.003029736 | AE10: =AF4*AD4+AF7*AD7 -> 0.060652819 | AF10: =_xlfn.COVARIANCE.S(AB4:AB1237,AN4:AN1237) -> 1.8444436e-05 | AG10: =CORREL(AB4:AB1237,AN4:AN1237) -> 0.95824254 | AJ10: 45631 | AK10: =NETWORKDAYS(AJ10,$AJ$1,FERIADO!$A$2:$A$408) -> 521 | AL10: 14.43 | AM10: =$Z$2/(1+AL10/100)^(AK10/252) -> 75678.251 | AN10: =LOG(AM10/AM11) -> -0.00067224457 | AP10: =AB10*$AF$4 -> -0.00058411964 | AQ10: =AN10*$AF$7 -> -0.00020167337 | AR10: =AQ10+AP10 -> -0.00078579301 | AT10: MVAR1 | AU10: 0.5 | AV10: =AU10*$AU$3 -> 30000
B11: 45630 | C11: 6088.16 | D11: 45630 | E11: 6.0575 | F11: 45630 | G11: 111.242 | H11: =G11*E11*1000 -> 673848.42 | I11: 45630 | J11: 6056 | K11: =J11*10 -> 60560 | L11: 45630 | M11: 7.43 | N11: 45630 | O11: 7.37 | P11: 45630 | Q11: 7.29 | R11: 45630 | S11: 7.13 | T11: 45630 | U11: 7.04 | V11: 45630 | W11: 6.94 | X11: 45630 | Y11: =NETWORKDAYS(X11,$Z$1,FERIADO!$A$2:$A$408) -> 1535 | Z11: 13.89 | AA11: =$Z$2/(1+Z11/100)^(Y11/252) -> 45282.564 | AB11: =LOG(AA11/AA12) -> 0.00092134288 | AD11: risco (vol) | AE11: risco (vol) an | AJ11: 45630 | AK11: =NETWORKDAYS(AJ11,$AJ$1,FERIADO!$A$2:$A$408) -> 522 | AL11: 14.315 | AM11: =$Z$2/(1+AL11/100)^(AK11/252) -> 75795.484 | AN11: =LOG(AM11/AM12) -> -0.00020319159 | AP11: =AB11*$AF$4 -> 0.00046067144 | AQ11: =AN11*$AF$7 -> -6.0957476e-05 | AR11: =AQ11+AP11 -> 0.00039971396 | AT11: MVAR2 | AU11: 0.3 | AV11: =AU11*$AU$3 -> 18000
B12: 45629 | C12: 6053.51 | D12: 45629 | E12: 6.0701 | F12: 45629 | G12: 110.9 | H12: =G12*E12*1000 -> 673174.09 | I12: 45629 | J12: 6059 | K12: =J12*10 -> 60590 | L12: 45629 | M12: 7.36 | N12: 45629 | O12: 7.35 | P12: 45629 | Q12: 7.3 | R12: 45629 | S12: 7.16 | T12: 45629 | U12: 7.11 | V12: 45629 | W12: 6.96 | X12: 45629 | Y12: =NETWORKDAYS(X12,$Z$1,FERIADO!$A$2:$A$408) -> 1536 | Z12: 13.92 | AA12: =$Z$2/(1+Z12/100)^(Y12/252) -> 45186.6 | AB12: =LOG(AA12/AA13) -> -0.0053617294 | AD12: =AF4^2*AD4^2+AF7^2*AD7^2+2*AF10*AF7*AF4 -> 0.0022291344 | AE12: =SQRT(AD12) -> 0.04721371 | AJ12: 45629 | AK12: =NETWORKDAYS(AJ12,$AJ$1,FERIADO!$A$2:$A$408) -> 523 | AL12: 14.26 | AM12: =$Z$2/(1+AL12/100)^(AK12/252) -> 75830.954 | AN12: =LOG(AM12/AM13) -> -0.0011544382 | AP12: =AB12*$AF$4 -> -0.0026808647 | AQ12: =AN12*$AF$7 -> -0.00034633146 | AR12: =AQ12+AP12 -> -0.0030271962
B13: 45628 | C13: 6047.62 | D13: 45628 | E13: 6.0628 | F13: 45628 | G13: 111.188 | H13: =G13*E13*1000 -> 674110.61 | I13: 45628 | J13: 6080.5 | K13: =J13*10 -> 60805 | L13: 45628 | M13: 7.18 | N13: 45628 | O13: 7.19 | P13: 45628 | Q13: 7.2 | R13: 45628 | S13: 7.08 | T13: 45628 | U13: 7.02 | V13: 45628 | W13: 6.88 | X13: 45628 | Y13: =NETWORKDAYS(X13,$Z$1,FERIADO!$A$2:$A$408) -> 1537 | Z13: 13.68 | AA13: =$Z$2/(1+Z13/100)^(Y13/252) -> 45747.925 | AB13: =LOG(AA13/AA14) -> -0.0016449767 | AJ13: 45628 | AK13: =NETWORKDAYS(AJ13,$AJ$1,FERIADO!$A$2:$A$408) -> 524 | AL13: 14.085 | AM13: =$Z$2/(1+AL13/100)^(AK13/252) -> 76032.795 | AN13: =LOG(AM13/AM14) -> -0.00012985697 | AP13: =AB13*$AF$4 -> -0.00082248835 | AQ13: =AN13*$AF$7 -> -3.895709e-05 | AR13: =AQ13+AP13 -> -0.00086144544
B14: 45625 | C14: 6026.86 | D14: 45625 | E14: 6.0529 | F14: 45625 | G14: 111.2 | H14: =G14*E14*1000 -> 673082.48 | I14: 45625 | J14: 6008 | K14: =J14*10 -> 60080 | L14: 45625 | M14: 7.27 | N14: 45625 | O14: 7.24 | P14: 45625 | Q14: 7.24 | R14: 45625 | S14: 7.12 | T14: 45625 | U14: 7.06 | V14: 45625 | W14: 6.94 | X14: 45625 | Y14: =NETWORKDAYS(X14,$Z$1,FERIADO!$A$2:$A$408) -> 1538 | Z14: 13.6 | AA14: =$Z$2/(1+Z14/100)^(Y14/252) -> 45921.533 | AB14: =LOG(AA14/AA15) -> 0.0037195998 | AE14: VaR port | AJ14: 45625 | AK14: =NETWORKDAYS(AJ14,$AJ$1,FERIADO!$A$2:$A$408) -> 525 | AL14: 14.04 | AM14: =$Z$2/(1+AL14/100)^(AK14/252) -> 76055.533 | AN14: =LOG(AM14/AM15) -> 0.00022641749 | AP14: =AB14*$AF$4 -> 0.0018597999 | AQ14: =AN14*$AF$7 -> 6.7925248e-05 | AR14: =AQ14+AP14 -> 0.0019277251
B15: 45624 | C15: 6003.59 | D15: 45624 | E15: 5.9865 | F15: 45624 | G15: 110.918 | H15: =G15*E15*1000 -> 664010.61 | I15: 45624 | J15: 6048 | K15: =J15*10 -> 60480 | L15: 45624 | M15: 7.14 | N15: 45624 | O15: 7.2 | P15: 45624 | Q15: 7.2 | R15: 45624 | S15: 7.13 | T15: 45624 | U15: 7.07 | V15: 45624 | W15: 6.98 | X15: 45624 | Y15: =NETWORKDAYS(X15,$Z$1,FERIADO!$A$2:$A$408) -> 1539 | Z15: 13.75 | AA15: =$Z$2/(1+Z15/100)^(Y15/252) -> 45529.908 | AB15: =LOG(AA15/AA16) -> -0.010532478 | AD15: =AF4^2*AG4^2+AF7^2*AG7^2+2*AF7*AF4*AG10*AG4*AG7 -> 2.5255073e-05 | AE15: =SQRT(AD15) -> 0.0050254426 | AJ15: 45624 | AK15: =NETWORKDAYS(AJ15,$AJ$1,FERIADO!$A$2:$A$408) -> 526 | AL15: 14.04 | AM15: =$Z$2/(1+AL15/100)^(AK15/252) -> 76015.892 | AN15: =LOG(AM15/AM16) -> -0.0031246829 | AP15: =AB15*$AF$4 -> -0.0052662392 | AQ15: =AN15*$AF$7 -> -0.00093740486 | AR15: =AQ15+AP15 -> -0.006203644
B16: 45623 | C16: 6001.25 | D16: 45623 | E16: 5.8285 | F16: 45623 | G16: 110.8 | H16: =G16*E16*1000 -> 645797.8 | I16: 45623 | J16: 5987.26 | K16: =J16*10 -> 59872.6 | L16: 45623 | M16: 7.17 | N16: 45623 | O16: 7.14 | P16: 45623 | Q16: 7.14 | R16: 45623 | S16: 7.05 | T16: 45623 | U16: 7.01 | V16: 45623 | W16: 6.92 | X16: 45623 | Y16: =NETWORKDAYS(X16,$Z$1,FERIADO!$A$2:$A$408) -> 1540 | Z16: 13.29 | AA16: =$Z$2/(1+Z16/100)^(Y16/252) -> 46647.594 | AB16: =LOG(AA16/AA17) -> -0.0087078907 | AF16: dVaRPort/dw1 | AJ16: 45623 | AK16: =NETWORKDAYS(AJ16,$AJ$1,FERIADO!$A$2:$A$408) -> 527 | AL16: 13.62 | AM16: =$Z$2/(1+AL16/100)^(AK16/252) -> 76564.787 | AN16: =LOG(AM16/AM17) -> -0.002145585 | AP16: =AB16*$AF$4 -> -0.0043539454 | AQ16: =AN16*$AF$7 -> -0.0006436755 | AR16: =AQ16+AP16 -> -0.0049976209
B17: 45622 | C17: 6025.23 | D17: 45622 | E17: 5.7984 | F17: 45622 | G17: 110.35 | H17: =G17*E17*1000 -> 639853.44 | I17: 45622 | J17: 5834.15 | K17: =J17*10 -> 58341.5 | L17: 45622 | M17: 7.02 | N17: 45622 | O17: 7 | P17: 45622 | Q17: 7 | R17: 45622 | S17: 6.92 | T17: 45622 | U17: 6.85 | V17: 45622 | W17: 6.74 | X17: 45622 | Y17: =NETWORKDAYS(X17,$Z$1,FERIADO!$A$2:$A$408) -> 1541 | Z17: 12.91 | AA17: =$Z$2/(1+Z17/100)^(Y17/252) -> 47592.349 | AB17: =LOG(AA17/AA18) -> 0.0016210505 | AE17: =AF4*AG4^2+AF7*AG10*AG7*AG4 -> 3.7772531e-05 | AF17: =AE17/$AE$15 -> 0.0075162595 | AJ17: 45622 | AK17: =NETWORKDAYS(AJ17,$AJ$1,FERIADO!$A$2:$A$408) -> 528 | AL17: 13.325 | AM17: =$Z$2/(1+AL17/100)^(AK17/252) -> 76943.983 | AN17: =LOG(AM17/AM18) -> 0.00041667539 | AP17: =AB17*$AF$4 -> 0.00081052526 | AQ17: =AN17*$AF$7 -> 0.00012500262 | AR17: =AQ17+AP17 -> 0.00093552788
B18: 45621 | C18: 5992.97 | D18: 45621 | E18: 5.7996 | F18: 45621 | G18: 110.505 | H18: =G18*E18*1000 -> 640884.8 | I18: 45621 | J18: 5824.61 | K18: =J18*10 -> 58246.1 | L18: 45621 | M18: 6.99 | N18: 45621 | O18: 6.98 | P18: 45621 | Q18: 6.97 | R18: 45621 | S18: 6.86 | T18: 45621 | U18: 6.82 | V18: 45621 | W18: 6.74 | X18: 45621 | Y18: =NETWORKDAYS(X18,$Z$1,FERIADO!$A$2:$A$408) -> 1542 | Z18: 12.97 | AA18: =$Z$2/(1+Z18/100)^(Y18/252) -> 47415.037 | AB18: =LOG(AA18/AA19) -> 0.0011515614 | AH18: VaRC | AJ18: 45621 | AK18: =NETWORKDAYS(AJ18,$AJ$1,FERIADO!$A$2:$A$408) -> 529 | AL18: 13.35 | AM18: =$Z$2/(1+AL18/100)^(AK18/252) -> 76870.196 | AN18: =LOG(AM18/AM19) -> 0.00041739125 | AP18: =AB18*$AF$4 -> 0.00057578068 | AQ18: =AN18*$AF$7 -> 0.00012521738 | AR18: =AQ18+AP18 -> 0.00070099806
B19: 45618 | C19: 5980.75 | D19: 45618 | E19: 5.8118 | F19: 45618 | G19: 109.61 | H19: =G19*E19*1000 -> 637031.4 | I19: 45618 | J19: 5833.15 | K19: =J19*10 -> 58331.5 | L19: 45618 | M19: 6.99 | N19: 45618 | O19: 7 | P19: 45618 | Q19: 6.99 | R19: 45618 | S19: 6.89 | T19: 45618 | U19: 6.85 | V19: 45618 | W19: 6.71 | X19: 45618 | Y19: =NETWORKDAYS(X19,$Z$1,FERIADO!$A$2:$A$408) -> 1543 | Z19: 13.01 | AA19: =$Z$2/(1+Z19/100)^(Y19/252) -> 47289.479 | AB19: =LOG(AA19/AA20) -> -0.00049568773 | AE19: MVAR1 | AF19: =AF17*AF4 -> 0.0037581298 | AG19: =AF19/AE15 -> 0.74782066 | AH19: =AF19*AA4 -> 169.43606 | AJ19: 45618 | AK19: =NETWORKDAYS(AJ19,$AJ$1,FERIADO!$A$2:$A$408) -> 530 | AL19: 13.375 | AM19: =$Z$2/(1+AL19/100)^(AK19/252) -> 76796.354 | AN19: =LOG(AM19/AM20) -> -2.5842309e-05 | AP19: =AB19*$AF$4 -> -0.00024784387 | AQ19: =AN19*$AF$7 -> -7.7526927e-06 | AR19: =AQ19+AP19 -> -0.00025559656
B20: 45617 | C20: 5965.82 | D20: 45617 | E20: 5.8167 | F20: 45617 | G20: 109.58 | H20: =G20*E20*1000 -> 637393.99 | I20: 45617 | J20: 5845.7 | K20: =J20*10 -> 58457 | L20: 45617 | M20: 6.92 | N20: 45617 | O20: 6.92 | P20: 45617 | Q20: 6.89 | R20: 45617 | S20: 6.82 | T20: 45617 | U20: 6.81 | V20: 45617 | W20: 6.67 | X20: 45617 | Y20: =NETWORKDAYS(X20,$Z$1,FERIADO!$A$2:$A$408) -> 1544 | Z20: 12.98 | AA20: =$Z$2/(1+Z20/100)^(Y20/252) -> 47343.485 | AB20: =LOG(AA20/AA21) -> 0.00065646295 | AF20: dVaRPort/dw2 | AJ20: 45617 | AK20: =NETWORKDAYS(AJ20,$AJ$1,FERIADO!$A$2:$A$408) -> 531 | AL20: 13.345 | AM20: =$Z$2/(1+AL20/100)^(AK20/252) -> 76800.923 | AN20: =LOG(AM20/AM21) -> 0.00039124307 | AP20: =AB20*$AF$4 -> 0.00032823148 | AQ20: =AN20*$AF$7 -> 0.00011737292 | AR20: =AQ20+AP20 -> 0.0004456044
B21: 45615 | C21: 5926.57 | D21: 45615 | E21: 5.7737 | F21: 45615 | G21: 109.755 | H21: =G21*E21*1000 -> 633692.44 | I21: 45615 | J21: 5798.51 | K21: =J21*10 -> 57985.1 | L21: 45615 | M21: 7.05 | N21: 45615 | O21: 6.96 | P21: 45615 | Q21: 6.95 | R21: 45615 | S21: 6.89 | T21: 45615 | U21: 6.84 | V21: 45615 | W21: 6.73 | X21: 45615 | Y21: =NETWORKDAYS(X21,$Z$1,FERIADO!$A$2:$A$408) -> 1546 | Z21: 12.99 | AA21: =$Z$2/(1+Z21/100)^(Y21/252) -> 47271.976 | AB21: =LOG(AA21/AA22) -> 0.0020974695 | AE21: =AF7*AG7^2+AF4*AG10*AG7*AG4 -> 2.1229359e-05 | AF21: =AE21/$AE$15 -> 0.004224376 | AJ21: 45615 | AK21: =NETWORKDAYS(AJ21,$AJ$1,FERIADO!$A$2:$A$408) -> 533 | AL21: 13.34 | AM21: =$Z$2/(1+AL21/100)^(AK21/252) -> 76731.767 | AN21: =LOG(AM21/AM22) -> 0.0011896591 | AP21: =AB21*$AF$4 -> 0.0010487348 | AQ21: =AN21*$AF$7 -> 0.00035689772 | AR21: =AQ21+AP21 -> 0.0014056325
B22: 45614 | C22: 5900.95 | D22: 45614 | E22: 5.7597 | F22: 45614 | G22: 109.573 | H22: =G22*E22*1000 -> 631107.61 | I22: 45614 | J22: 5777.43 | K22: =J22*10 -> 57774.3 | L22: 45614 | M22: 7.16 | N22: 45614 | O22: 7.02 | P22: 45614 | Q22: 6.99 | R22: 45614 | S22: 6.93 | T22: 45614 | U22: 6.88 | V22: 45614 | W22: 6.75 | X22: 45614 | Y22: =NETWORKDAYS(X22,$Z$1,FERIADO!$A$2:$A$408) -> 1547 | Z22: 13.07 | AA22: =$Z$2/(1+Z22/100)^(Y22/252) -> 47044.222 | AB22: =LOG(AA22/AA23) -> 0.00068354053 | AJ22: 45614 | AK22: =NETWORKDAYS(AJ22,$AJ$1,FERIADO!$A$2:$A$408) -> 534 | AL22: 13.46 | AM22: =$Z$2/(1+AL22/100)^(AK22/252) -> 76521.864 | AN22: =LOG(AM22/AM23) -> 5.5089031e-05 | AP22: =AB22*$AF$4 -> 0.00034177026 | AQ22: =AN22*$AF$7 -> 1.6526709e-05 | AR22: =AQ22+AP22 -> 0.00035829697
B23: 45610 | C23: 5962.02 | D23: 45610 | E23: 5.7879 | F23: 45610 | G23: 109.356 | H23: =G23*E23*1000 -> 632941.59 | I23: 45610 | J23: 5812.57 | K23: =J23*10 -> 58125.7 | L23: 45610 | M23: 7.06 | N23: 45610 | O23: 7.08 | P23: 45610 | Q23: 6.96 | R23: 45610 | S23: 6.92 | T23: 45610 | U23: 6.81 | V23: 45610 | W23: 6.76 | X23: 45610 | Y23: =NETWORKDAYS(X23,$Z$1,FERIADO!$A$2:$A$408) -> 1548 | Z23: 13.09 | AA23: =$Z$2/(1+Z23/100)^(Y23/252) -> 46970.236 | AB23: =LOG(AA23/AA24) -> -0.0026221486 | AE23: MVAR2 | AF23: =AF21*AF7 -> 0.0012673128 | AJ23: 45610 | AK23: =NETWORKDAYS(AJ23,$AJ$1,FERIADO!$A$2:$A$408) -> 535 | AL23: 13.44 | AM23: =$Z$2/(1+AL23/100)^(AK23/252) -> 76512.158 | AN23: =LOG(AM23/AM24) -> -0.00043434041 | AP23: =AB23*$AF$4 -> -0.0013110743 | AQ23: =AN23*$AF$7 -> -0.00013030212 | AR23: =AQ23+AP23 -> -0.0014413764
B24: 45609 | C24: 6006.04 | D24: 45609 | E24: 5.7707 | F24: 45609 | G24: 109.501 | H24: =G24*E24*1000 -> 631897.42 | I24: 45609 | J24: 5840.68 | K24: =J24*10 -> 58406.8 | L24: 45609 | M24: 7.07 | N24: 45609 | O24: 6.98 | P24: 45609 | Q24: 6.99 | R24: 45609 | S24: 6.99 | T24: 45609 | U24: 6.89 | V24: 45609 | W24: 6.81 | X24: 45609 | Y24: =NETWORKDAYS(X24,$Z$1,FERIADO!$A$2:$A$408) -> 1549 | Z24: 12.97 | AA24: =$Z$2/(1+Z24/100)^(Y24/252) -> 47254.687 | AB24: =LOG(AA24/AA25) -> 0.0011558321 | AJ24: 45609 | AK24: =NETWORKDAYS(AJ24,$AJ$1,FERIADO!$A$2:$A$408) -> 536 | AL24: 13.36 | AM24: =$Z$2/(1+AL24/100)^(AK24/252) -> 76588.716 | AN24: =LOG(AM24/AM25) -> 9.364371e-05 | AP24: =AB24*$AF$4 -> 0.00057791605 | AQ24: =AN24*$AF$7 -> 2.8093113e-05 | AR24: =AQ24+AP24 -> 0.00060600916
B25: 45608 | C25: 5996.82 | D25: 45608 | E25: 5.7688 | F25: 45608 | G25: 109.406 | H25: =G25*E25*1000 -> 631141.33 | I25: 45608 | J25: 5780.94 | K25: =J25*10 -> 57809.4 | L25: 45608 | M25: 7 | N25: 45608 | O25: 6.93 | P25: 45608 | Q25: 6.93 | R25: 45608 | S25: 6.88 | T25: 45608 | U25: 6.85 | V25: 45608 | W25: 6.79 | X25: 45608 | Y25: =NETWORKDAYS(X25,$Z$1,FERIADO!$A$2:$A$408) -> 1550 | Z25: 13.01 | AA25: =$Z$2/(1+Z25/100)^(Y25/252) -> 47129.091 | AB25: =LOG(AA25/AA26) -> -0.0042869928 | AE25: Total VaR | AF25: =AF23+AF19 -> 0.0050254426 | AJ25: 45608 | AK25: =NETWORKDAYS(AJ25,$AJ$1,FERIADO!$A$2:$A$408) -> 537 | AL25: 13.345 | AM25: =$Z$2/(1+AL25/100)^(AK25/252) -> 76572.204 | AN25: =LOG(AM25/AM26) -> -0.00097100527 | AP25: =AB25*$AF$4 -> -0.0021434964 | AQ25: =AN25*$AF$7 -> -0.00029130158 | AR25: =AQ25+AP25 -> -0.002434798
B26: 45607 | C26: 6020.89 | D26: 45607 | E26: 5.7974 | F26: 45607 | G26: 109.977 | H26: =G26*E26*1000 -> 637580.66 | I26: 45607 | J26: 5795 | K26: =J26*10 -> 57950 | L26: 45607 | M26: 6.86 | N26: 45607 | O26: 6.82 | P26: 45607 | Q26: 6.82 | R26: 45607 | S26: 6.77 | T26: 45607 | U26: 6.73 | V26: 45607 | W26: 6.63 | X26: 45607 | Y26: =NETWORKDAYS(X26,$Z$1,FERIADO!$A$2:$A$408) -> 1551 | Z26: 12.82 | AA26: =$Z$2/(1+Z26/100)^(Y26/252) -> 47596.614 | AB26: =LOG(AA26/AA27) -> -0.0012149589 | AJ26: 45607 | AK26: =NETWORKDAYS(AJ26,$AJ$1,FERIADO!$A$2:$A$408) -> 538 | AL26: 13.2 | AM26: =$Z$2/(1+AL26/100)^(AK26/252) -> 76743.597 | AN26: =LOG(AM26/AM27) -> -0.00068941132 | AP26: =AB26*$AF$4 -> -0.00060747947 | AQ26: =AN26*$AF$7 -> -0.0002068234 | AR26: =AQ26+AP26 -> -0.00081430287
B27: 45604 | C27: 6014.44 | D27: 45604 | E27: 5.7642 | F27: 45604 | G27: 110.304 | H27: =G27*E27*1000 -> 635814.32 | I27: 45604 | J27: 5779.94 | K27: =J27*10 -> 57799.4 | L27: 45604 | M27: 6.79 | N27: 45604 | O27: 6.77 | P27: 45604 | Q27: 6.76 | R27: 45604 | S27: 6.81 | T27: 45604 | U27: 6.72 | V27: 45604 | W27: 6.62 | X27: 45604 | Y27: =NETWORKDAYS(X27,$Z$1,FERIADO!$A$2:$A$408) -> 1552 | Z27: 12.76 | AA27: =$Z$2/(1+Z27/100)^(Y27/252) -> 47729.954 | AB27: =LOG(AA27/AA28) -> -0.0005051981 | AJ27: 45604 | AK27: =NETWORKDAYS(AJ27,$AJ$1,FERIADO!$A$2:$A$408) -> 539 | AL27: 13.09 | AM27: =$Z$2/(1+AL27/100)^(AK27/252) -> 76865.519 | AN27: =LOG(AM27/AM28) -> -0.00032304568 | AP27: =AB27*$AF$4 -> -0.00025259905 | AQ27: =AN27*$AF$7 -> -9.6913705e-05 | AR27: =AQ27+AP27 -> -0.00034951275
B28: 45603 | C28: 5989.5 | D28: 45603 | E28: 5.6618 | F28: 45603 | G28: 110.372 | H28: =G28*E28*1000 -> 624904.19 | I28: 45603 | J28: 5729.74 | K28: =J28*10 -> 57297.4 | L28: 45603 | M28: 6.85 | N28: 45603 | O28: 6.79 | P28: 45603 | Q28: 6.8 | R28: 45603 | S28: 6.74 | T28: 45603 | U28: 6.72 | V28: 45603 | W28: 6.63 | X28: 45603 | Y28: =NETWORKDAYS(X28,$Z$1,FERIADO!$A$2:$A$408) -> 1553 | Z28: 12.73 | AA28: =$Z$2/(1+Z28/100)^(Y28/252) -> 47785.509 | AB28: =LOG(AA28/AA29) -> 0.0040049632 | AJ28: 45603 | AK28: =NETWORKDAYS(AJ28,$AJ$1,FERIADO!$A$2:$A$408) -> 540 | AL28: 13.025 | AM28: =$Z$2/(1+AL28/100)^(AK28/252) -> 76922.716 | AN28: =LOG(AM28/AM29) -> 0.00037597737 | AP28: =AB28*$AF$4 -> 0.0020024816 | AQ28: =AN28*$AF$7 -> 0.00011279321 | AR28: =AQ28+AP28 -> 0.0021152748
B29: 45602 | C29: 5947.78 | D29: 45602 | E29: 5.7642 | F29: 45602 | G29: 109.489 | H29: =G29*E29*1000 -> 631116.49 | I29: 45602 | J29: 5749.82 | K29: =J29*10 -> 57498.2 | L29: 45602 | M29: 6.92 | N29: 45602 | O29: 6.84 | P29: 45602 | Q29: 6.85 | R29: 45602 | S29: 6.78 | T29: 45602 | U29: 6.78 | V29: 45602 | W29: 6.68 | X29: 45602 | Y29: =NETWORKDAYS(X29,$Z$1,FERIADO!$A$2:$A$408) -> 1554 | Z29: 12.89 | AA29: =$Z$2/(1+Z29/100)^(Y29/252) -> 47346.867 | AB29: =LOG(AA29/AA30) -> -0.00050330824 | AJ29: 45602 | AK29: =NETWORKDAYS(AJ29,$AJ$1,FERIADO!$A$2:$A$408) -> 541 | AL29: 13.045 | AM29: =$Z$2/(1+AL29/100)^(AK29/252) -> 76856.151 | AN29: =LOG(AM29/AM30) -> -0.00061533925 | AP29: =AB29*$AF$4 -> -0.00025165412 | AQ29: =AN29*$AF$7 -> -0.00018460178 | AR29: =AQ29+AP29 -> -0.00043625589
B30: 45601 | C30: 5801.94 | D30: 45601 | E30: 5.784 | F30: 45601 | G30: 110.44 | H30: =G30*E30*1000 -> 638784.96 | I30: 45601 | J30: 5788.47 | K30: =J30*10 -> 57884.7 | L30: 45601 | M30: 6.9 | N30: 45601 | O30: 6.85 | P30: 45601 | Q30: 6.86 | R30: 45601 | S30: 6.8 | T30: 45601 | U30: 6.78 | V30: 45601 | W30: 6.7 | X30: 45601 | Y30: =NETWORKDAYS(X30,$Z$1,FERIADO!$A$2:$A$408) -> 1555 | Z30: 12.86 | AA30: =$Z$2/(1+Z30/100)^(Y30/252) -> 47401.77 | AB30: =LOG(AA30/AA31) -> 0.0028208608 | AJ30: 45601 | AK30: =NETWORKDAYS(AJ30,$AJ$1,FERIADO!$A$2:$A$408) -> 542 | AL30: 12.945 | AM30: =$Z$2/(1+AL30/100)^(AK30/252) -> 76965.124 | AN30: =LOG(AM30/AM31) -> 0.00091378889 | AP30: =AB30*$AF$4 -> 0.0014104304 | AQ30: =AN30*$AF$7 -> 0.00027413667 | AR30: =AQ30+AP30 -> 0.0016845671
B31: 45600 | C31: 5739.37 | D31: 45600 | E31: 5.7892 | F31: 45600 | G31: 110.403 | H31: =G31*E31*1000 -> 639145.05 | I31: 45600 | J31: 5832.14 | K31: =J31*10 -> 58321.4 | L31: 45600 | M31: 6.94 | N31: 45600 | O31: 6.87 | P31: 45600 | Q31: 6.89 | R31: 45600 | S31: 6.85 | T31: 45600 | U31: 6.81 | V31: 45600 | W31: 6.71 | X31: 45600 | Y31: =NETWORKDAYS(X31,$Z$1,FERIADO!$A$2:$A$408) -> 1556 | Z31: 12.97 | AA31: =$Z$2/(1+Z31/100)^(Y31/252) -> 47094.88 | AB31: =LOG(AA31/AA32) -> 0.0040078818 | AJ31: 45600 | AK31: =NETWORKDAYS(AJ31,$AJ$1,FERIADO!$A$2:$A$408) -> 543 | AL31: 13.03 | AM31: =$Z$2/(1+AL31/100)^(AK31/252) -> 76803.353 | AN31: =LOG(AM31/AM32) -> 0.0018685154 | AP31: =AB31*$AF$4 -> 0.0020039409 | AQ31: =AN31*$AF$7 -> 0.00056055463 | AR31: =AQ31+AP31 -> 0.0025644955
B32: 45597 | C32: 5752.67 | D32: 45597 | E32: 5.8067 | F32: 45597 | G32: 109.899 | H32: =G32*E32*1000 -> 638150.52 | I32: 45597 | J32: 5918.49 | K32: =J32*10 -> 59184.9 | L32: 45597 | M32: 7.06 | N32: 45597 | O32: 7.02 | P32: 45597 | Q32: 7.01 | R32: 45597 | S32: 6.96 | T32: 45597 | U32: 6.94 | V32: 45597 | W32: 6.81 | X32: 45597 | Y32: =NETWORKDAYS(X32,$Z$1,FERIADO!$A$2:$A$408) -> 1557 | Z32: 13.13 | AA32: =$Z$2/(1+Z32/100)^(Y32/252) -> 46662.265 | AB32: =LOG(AA32/AA33) -> -0.0043006667 | AJ32: 45597 | AK32: =NETWORKDAYS(AJ32,$AJ$1,FERIADO!$A$2:$A$408) -> 544 | AL32: 13.23 | AM32: =$Z$2/(1+AL32/100)^(AK32/252) -> 76473.623 | AN32: =LOG(AM32/AM33) -> -0.0017372283 | AP32: =AB32*$AF$4 -> -0.0021503334 | AQ32: =AN32*$AF$7 -> -0.0005211685 | AR32: =AQ32+AP32 -> -0.0026715019
B33: 45596 | C33: 5724.93 | D33: 45596 | E33: 5.7773 | F33: 45596 | G33: 110.395 | H33: =G33*E33*1000 -> 637785.03 | I33: 45596 | J33: 5834.65 | K33: =J33*10 -> 58346.5 | L33: 45596 | M33: 6.94 | N33: 45596 | O33: 6.89 | P33: 45596 | Q33: 6.93 | R33: 45596 | S33: 6.9 | T33: 45596 | U33: 6.87 | V33: 45596 | W33: 6.78 | X33: 45596 | Y33: =NETWORKDAYS(X33,$Z$1,FERIADO!$A$2:$A$408) -> 1558 | Z33: 12.94 | AA33: =$Z$2/(1+Z33/100)^(Y33/252) -> 47126.641 | AB33: =LOG(AA33/AA34) -> -0.0026465231 | AJ33: 45596 | AK33: =NETWORKDAYS(AJ33,$AJ$1,FERIADO!$A$2:$A$408) -> 545 | AL33: 12.995 | AM33: =$Z$2/(1+AL33/100)^(AK33/252) -> 76780.139 | AN33: =LOG(AM33/AM34) -> -0.00074760329 | AP33: =AB33*$AF$4 -> -0.0013232616 | AQ33: =AN33*$AF$7 -> -0.00022428099 | AR33: =AQ33+AP33 -> -0.0015475425
B34: 45595 | C34: 5832.02 | D34: 45595 | E34: 5.7795 | F34: 45595 | G34: 110.408 | H34: =G34*E34*1000 -> 638103.04 | I34: 45595 | J34: 5806.54 | K34: =J34*10 -> 58065.4 | L34: 45595 | M34: 6.9 | N34: 45595 | O34: 6.86 | P34: 45595 | Q34: 6.88 | R34: 45595 | S34: 6.87 | T34: 45595 | U34: 6.87 | V34: 45595 | W34: 6.81 | X34: 45595 | Y34: =NETWORKDAYS(X34,$Z$1,FERIADO!$A$2:$A$408) -> 1559 | Z34: 12.82 | AA34: =$Z$2/(1+Z34/100)^(Y34/252) -> 47414.7 | AB34: =LOG(AA34/AA35) -> 0.0016372954 | AJ34: 45595 | AK34: =NETWORKDAYS(AJ34,$AJ$1,FERIADO!$A$2:$A$408) -> 546 | AL34: 12.88 | AM34: =$Z$2/(1+AL34/100)^(AK34/252) -> 76912.424 | AN34: =LOG(AM34/AM35) -> 0.00045930334 | AP34: =AB34*$AF$4 -> 0.00081864772 | AQ34: =AN34*$AF$7 -> 0.000137791 | AR34: =AQ34+AP34 -> 0.00095643873
B35: 45594 | C35: 5869.01 | D35: 45594 | E35: 5.7134 | F35: 45594 | G35: 110.855 | H35: =G35*E35*1000 -> 633358.96 | I35: 45594 | J35: 5803.52 | K35: =J35*10 -> 58035.2 | L35: 45594 | M35: 6.87 | N35: 45594 | O35: 6.83 | P35: 45594 | Q35: 6.88 | R35: 45594 | S35: 6.88 | T35: 45594 | U35: 6.87 | V35: 45594 | W35: 6.83 | X35: 45594 | Y35: =NETWORKDAYS(X35,$Z$1,FERIADO!$A$2:$A$408) -> 1560 | Z35: 12.88 | AA35: =$Z$2/(1+Z35/100)^(Y35/252) -> 47236.282 | AB35: =LOG(AA35/AA36) -> -0.0016984786 | AJ35: 45594 | AK35: =NETWORKDAYS(AJ35,$AJ$1,FERIADO!$A$2:$A$408) -> 547 | AL35: 12.91 | AM35: =$Z$2/(1+AL35/100)^(AK35/252) -> 76831.125 | AN35: =LOG(AM35/AM36) -> -0.00054383562 | AP35: =AB35*$AF$4 -> -0.00084923931 | AQ35: =AN35*$AF$7 -> -0.00016315069 | AR35: =AQ35+AP35 -> -0.00101239
B36: 45593 | C36: 5854.31 | D36: 45593 | E36: 5.6982 | F36: 45593 | G36: 110.68 | H36: =G36*E36*1000 -> 630676.78 | I36: 45593 | J36: 5752.68 | K36: =J36*10 -> 57526.8 | L36: 45593 | M36: 6.75 | N36: 45593 | O36: 6.73 | P36: 45593 | Q36: 6.8 | R36: 45593 | S36: 6.82 | T36: 45593 | U36: 6.83 | V36: 45593 | W36: 6.8 | X36: 45593 | Y36: =NETWORKDAYS(X36,$Z$1,FERIADO!$A$2:$A$408) -> 1561 | Z36: 12.8 | AA36: =$Z$2/(1+Z36/100)^(Y36/252) -> 47421.38 | AB36: =LOG(AA36/AA37) -> -0.00026976022 | AJ36: 45593 | AK36: =NETWORKDAYS(AJ36,$AJ$1,FERIADO!$A$2:$A$408) -> 548 | AL36: 12.82 | AM36: =$Z$2/(1+AL36/100)^(AK36/252) -> 76927.396 | AN36: =LOG(AM36/AM37) -> 0.00033366736 | AP36: =AB36*$AF$4 -> -0.00013488011 | AQ36: =AN36*$AF$7 -> 0.00010010021 | AR36: =AQ36+AP36 -> -3.4779902e-05
B37: 45590 | C37: 5830.56 | D37: 45590 | E37: 5.6963 | F37: 45590 | G37: 111.008 | H37: =G37*E37*1000 -> 632334.87 | I37: 45590 | J37: 5752.68 | K37: =J37*10 -> 57526.8 | L37: 45590 | M37: 6.67 | N37: 45590 | O37: 6.67 | P37: 45590 | Q37: 6.77 | R37: 45590 | S37: 6.8 | T37: 45590 | U37: 6.77 | V37: 45590 | W37: 6.76 | X37: 45590 | Y37: =NETWORKDAYS(X37,$Z$1,FERIADO!$A$2:$A$408) -> 1562 | Z37: 12.78 | AA37: =$Z$2/(1+Z37/100)^(Y37/252) -> 47450.845 | AB37: =LOG(AA37/AA38) -> -0.0031385946 | AJ37: 45590 | AK37: =NETWORKDAYS(AJ37,$AJ$1,FERIADO!$A$2:$A$408) -> 549 | AL37: 12.835 | AM37: =$Z$2/(1+AL37/100)^(AK37/252) -> 76868.315 | AN37: =LOG(AM37/AM38) -> -0.00096868296 | AP37: =AB37*$AF$4 -> -0.0015692973 | AQ37: =AN37*$AF$7 -> -0.00029060489 | AR37: =AQ37+AP37 -> -0.0018599022
... B699: 44628 | C699: 4542.31 | D699: 44628 | E699: 5.0897 | F699: 44624 | G699: 128.454 | H699: =G699*E699*1000 -> 653792.32 | I699: 44628 | J699: 6007.28 | K699: =J699*10 -> 60072.8 | L699: 44628 | M699: 5.57 | N699: 44628 | O699: 5.57 | P699: 44628 | Q699: 5.65 | R699: 44628 | S699: 5.58 | T699: 44573 | U699: 5.29 | V699: 44627 | W699: 5.61 | X699: 44628 | Y699: =NETWORKDAYS(X699,$Z$1,FERIADO!$A$2:$A$408) -> 2226 | Z699: 12.41 | AA699: =$Z$2/(1+Z699/100)^(Y699/252) -> 35581.394 | AB699: =LOG(AA699/AA700) -> -0.0062910122 | AJ699: 44628 | AK699: =NETWORKDAYS(AJ699,$AJ$1,FERIADO!$A$2:$A$408) -> 1213 | AL699: 12.26 | AM699: =$Z$2/(1+AL699/100)^(AK699/252) -> 57311.553 | AN699: =LOG(AM699/AM700) -> -0.0031580576 | AP699: =AB699*$AF$4 -> -0.0031455061 | AQ699: =AN699*$AF$7 -> -0.00094741727 | AR699: =AQ699+AP699 -> -0.0040929234
B700: 44627 | C700: 4579.14 | D700: 44627 | E700: 5.0573 | F700: 44623 | G700: 127.486 | H700: =G700*E700*1000 -> 644734.95 | I700: 44627 | J700: 6076.87 | K700: =J700*10 -> 60768.7 | L700: 44627 | M700: 5.48 | N700: 44627 | O700: 5.49 | P700: 44627 | Q700: 5.57 | R700: 44627 | S700: 5.6 | V700: 44624 | W700: 5.48 | X700: 44627 | Y700: =NETWORKDAYS(X700,$Z$1,FERIADO!$A$2:$A$408) -> 2227 | Z700: 12.22 | AA700: =$Z$2/(1+Z700/100)^(Y700/252) -> 36100.563 | AB700: =LOG(AA700/AA701) -> -0.012138853 | AJ700: 44627 | AK700: =NETWORKDAYS(AJ700,$AJ$1,FERIADO!$A$2:$A$408) -> 1214 | AL700: 12.08 | AM700: =$Z$2/(1+AL700/100)^(AK700/252) -> 57729.824 | AN700: =LOG(AM700/AM701) -> -0.006727371 | AP700: =AB700*$AF$4 -> -0.0060694265 | AQ700: =AN700*$AF$7 -> -0.0020182113 | AR700: =AQ700+AP700 -> -0.0080876378
B701: 44624 | C701: 4719.78 | D701: 44624 | E701: 5.0752 | F701: 44622 | G701: 127.323 | H701: =G701*E701*1000 -> 646189.69 | I701: 44624 | J701: 6014.95 | K701: =J701*10 -> 60149.5 | L701: 44624 | M701: 5.44 | N701: 44624 | O701: 5.46 | P701: 44624 | Q701: 5.53 | R701: 44624 | S701: 5.54 | V701: 44623 | W701: 5.47 | X701: 44624 | Y701: =NETWORKDAYS(X701,$Z$1,FERIADO!$A$2:$A$408) -> 2228 | Z701: 11.86 | AA701: =$Z$2/(1+Z701/100)^(Y701/252) -> 37123.834 | AB701: =LOG(AA701/AA702) -> -0.0046176645 | AJ701: 44624 | AK701: =NETWORKDAYS(AJ701,$AJ$1,FERIADO!$A$2:$A$408) -> 1215 | AL701: 11.71 | AM701: =$Z$2/(1+AL701/100)^(AK701/252) -> 58631.041 | AN701: =LOG(AM701/AM702) -> -0.0037523977 | AP701: =AB701*$AF$4 -> -0.0023088323 | AQ701: =AN701*$AF$7 -> -0.0011257193 | AR701: =AQ701+AP701 -> -0.0034345516
B702: 44623 | C702: 4751.14 | D702: 44623 | E702: 5.0473 | F702: 44617 | G702: 126.159 | H702: =G702*E702*1000 -> 636762.32 | I702: 44623 | J702: 5986.05 | K702: =J702*10 -> 59860.5 | L702: 44623 | M702: 5.35 | N702: 44623 | O702: 5.29 | P702: 44623 | Q702: 5.41 | R702: 44623 | S702: 5.48 | V702: 44622 | W702: 5.46 | X702: 44623 | Y702: =NETWORKDAYS(X702,$Z$1,FERIADO!$A$2:$A$408) -> 2229 | Z702: 11.72 | AA702: =$Z$2/(1+Z702/100)^(Y702/252) -> 37520.662 | AB702: =LOG(AA702/AA703) -> -0.0022177549 | AJ702: 44623 | AK702: =NETWORKDAYS(AJ702,$AJ$1,FERIADO!$A$2:$A$408) -> 1216 | AL702: 11.5 | AM702: =$Z$2/(1+AL702/100)^(AK702/252) -> 59139.821 | AN702: =LOG(AM702/AM703) -> -0.0015060266 | AP702: =AB702*$AF$4 -> -0.0011088774 | AQ702: =AN702*$AF$7 -> -0.00045180798 | AR702: =AQ702+AP702 -> -0.0015606854
B703: 44622 | C703: 4781.69 | D703: 44622 | E703: 5.1341 | F703: 44616 | G703: 126.315 | H703: =G703*E703*1000 -> 648513.84 | I703: 44622 | J703: 6068.03 | K703: =J703*10 -> 60680.3 | L703: 44622 | M703: 5.33 | N703: 44617 | O703: 5.28 | P703: 44622 | Q703: 5.43 | R703: 44622 | S703: 5.46 | V703: 44617 | W703: 5.46 | X703: 44622 | Y703: =NETWORKDAYS(X703,$Z$1,FERIADO!$A$2:$A$408) -> 2230 | Z703: 11.65 | AA703: =$Z$2/(1+Z703/100)^(Y703/252) -> 37712.754 | AB703: =LOG(AA703/AA704) -> -0.0018768565 | AJ703: 44622 | AK703: =NETWORKDAYS(AJ703,$AJ$1,FERIADO!$A$2:$A$408) -> 1217 | AL703: 11.41 | AM703: =$Z$2/(1+AL703/100)^(AK703/252) -> 59345.259 | AN703: =LOG(AM703/AM704) -> -0.0016044636 | AP703: =AB703*$AF$4 -> -0.00093842824 | AQ703: =AN703*$AF$7 -> -0.00048133909 | AR703: =AQ703+AP703 -> -0.0014197673
B704: 44617 | C704: 4771.1 | D704: 44617 | E704: 5.1388 | F704: 44615 | G704: 126.318 | H704: =G704*E704*1000 -> 649122.94 | I704: 44617 | J704: 6150.59 | K704: =J704*10 -> 61505.9 | L704: 44617 | M704: 5.29 | N704: 44616 | O704: 5.29 | P704: 44617 | Q704: 5.37 | R704: 44617 | S704: 5.43 | V704: 44616 | W704: 5.5 | X704: 44617 | Y704: =NETWORKDAYS(X704,$Z$1,FERIADO!$A$2:$A$408) -> 2231 | Z704: 11.59 | AA704: =$Z$2/(1+Z704/100)^(Y704/252) -> 37876.087 | AB704: =LOG(AA704/AA705) -> -0.00084527698 | AJ704: 44617 | AK704: =NETWORKDAYS(AJ704,$AJ$1,FERIADO!$A$2:$A$408) -> 1218 | AL704: 11.315 | AM704: =$Z$2/(1+AL704/100)^(AK704/252) -> 59564.911 | AN704: =LOG(AM704/AM705) -> -0.00028713335 | AP704: =AB704*$AF$4 -> -0.00042263849 | AQ704: =AN704*$AF$7 -> -8.6140005e-05 | AR704: =AQ704+AP704 -> -0.0005087785
B705: 44616 | C705: 4668.02 | D705: 44616 | E705: 5.1168 | F705: 44614 | G705: 126.576 | H705: =G705*E705*1000 -> 647664.08 | I705: 44616 | J705: 6083.36 | K705: =J705*10 -> 60833.6 | L705: 44616 | M705: 5.29 | N705: 44615 | O705: 5.22 | P705: 44616 | Q705: 5.37 | R705: 44616 | S705: 5.44 | V705: 44615 | W705: 5.45 | X705: 44616 | Y705: =NETWORKDAYS(X705,$Z$1,FERIADO!$A$2:$A$408) -> 2232 | Z705: 11.56 | AA705: =$Z$2/(1+Z705/100)^(Y705/252) -> 37949.878 | AB705: =LOG(AA705/AA706) -> -0.0039531768 | AJ705: 44616 | AK705: =NETWORKDAYS(AJ705,$AJ$1,FERIADO!$A$2:$A$408) -> 1219 | AL705: 11.29 | AM705: =$Z$2/(1+AL705/100)^(AK705/252) -> 59604.305 | AN705: =LOG(AM705/AM706) -> -0.0020839631 | AP705: =AB705*$AF$4 -> -0.0019765884 | AQ705: =AN705*$AF$7 -> -0.00062518892 | AR705: =AQ705+AP705 -> -0.0026017773
B706: 44615 | C706: 4605.52 | D706: 44615 | E706: 5.0137 | F706: 44613 | G706: 126.9 | H706: =G706*E706*1000 -> 636238.53 | I706: 44615 | J706: 5949.23 | K706: =J706*10 -> 59492.3 | L706: 44615 | M706: 5.23 | N706: 44614 | O706: 5.23 | P706: 44615 | Q706: 5.3 | R706: 44615 | S706: 5.39 | V706: 44614 | W706: 5.44 | X706: 44615 | Y706: =NETWORKDAYS(X706,$Z$1,FERIADO!$A$2:$A$408) -> 2233 | Z706: 11.44 | AA706: =$Z$2/(1+Z706/100)^(Y706/252) -> 38296.894 | AB706: =LOG(AA706/AA707) -> 0.0026042881 | AJ706: 44615 | AK706: =NETWORKDAYS(AJ706,$AJ$1,FERIADO!$A$2:$A$408) -> 1220 | AL706: 11.17 | AM706: =$Z$2/(1+AL706/100)^(AK706/252) -> 59891.004 | AN706: =LOG(AM706/AM707) -> 0.0018853492 | AP706: =AB706*$AF$4 -> 0.0013021441 | AQ706: =AN706*$AF$7 -> 0.00056560475 | AR706: =AQ706+AP706 -> 0.0018677488
B707: 44614 | C707: 4703.87 | D707: 44614 | E707: 5.0605 | F707: 44610 | G707: 126.65 | H707: =G707*E707*1000 -> 640912.32 | I707: 44614 | J707: 6013.33 | K707: =J707*10 -> 60133.3 | L707: 44614 | M707: 5.27 | N707: 44613 | O707: 5.18 | P707: 44614 | Q707: 5.38 | R707: 44614 | S707: 5.44 | V707: 44613 | W707: 5.4 | X707: 44614 | Y707: =NETWORKDAYS(X707,$Z$1,FERIADO!$A$2:$A$408) -> 2234 | Z707: 11.51 | AA707: =$Z$2/(1+Z707/100)^(Y707/252) -> 38067.93 | AB707: =LOG(AA707/AA708) -> -0.0011941746 | AJ707: 44614 | AK707: =NETWORKDAYS(AJ707,$AJ$1,FERIADO!$A$2:$A$408) -> 1221 | AL707: 11.26 | AM707: =$Z$2/(1+AL707/100)^(AK707/252) -> 59631.57 | AN707: =LOG(AM707/AM708) -> -0.00076275198 | AP707: =AB707*$AF$4 -> -0.00059708732 | AQ707: =AN707*$AF$7 -> -0.00022882559 | AR707: =AQ707+AP707 -> -0.00082591291
B708: 44613 | C708: 4675.75 | D708: 44613 | E708: 5.0991 | F708: 44609 | G708: 126.435 | H708: =G708*E708*1000 -> 644704.71 | I708: 44613 | J708: 6068.52 | K708: =J708*10 -> 60685.2 | L708: 44613 | M708: 5.22 | N708: 44610 | O708: 5.17 | P708: 44613 | Q708: 5.25 | R708: 44613 | S708: 5.34 | V708: 44610 | W708: 5.38 | X708: 44613 | Y708: =NETWORKDAYS(X708,$Z$1,FERIADO!$A$2:$A$408) -> 2235 | Z708: 11.47 | AA708: =$Z$2/(1+Z708/100)^(Y708/252) -> 38172.75 | AB708: =LOG(AA708/AA709) -> 0.0036425708 | AJ708: 44613 | AK708: =NETWORKDAYS(AJ708,$AJ$1,FERIADO!$A$2:$A$408) -> 1222 | AL708: 11.21 | AM708: =$Z$2/(1+AL708/100)^(AK708/252) -> 59736.393 | AN708: =LOG(AM708/AM709) -> 0.0020775084 | AP708: =AB708*$AF$4 -> 0.0018212854 | AQ708: =AN708*$AF$7 -> 0.00062325251 | AR708: =AQ708+AP708 -> 0.0024445379
B709: 44610 | C709: 4743.21 | D709: 44610 | E709: 5.1333 | F709: 44608 | G709: 125.921 | H709: =G709*E709*1000 -> 646390.27 | I709: 44610 | J709: 6108.88 | K709: =J709*10 -> 61088.8 | L709: 44610 | M709: 5.19 | N709: 44609 | O709: 5.15 | P709: 44610 | Q709: 5.28 | R709: 44610 | S709: 5.32 | V709: 44609 | W709: 5.36 | X709: 44610 | Y709: =NETWORKDAYS(X709,$Z$1,FERIADO!$A$2:$A$408) -> 2236 | Z709: 11.57 | AA709: =$Z$2/(1+Z709/100)^(Y709/252) -> 37853.921 | AB709: =LOG(AA709/AA710) -> 0.00053420798 | AJ709: 44610 | AK709: =NETWORKDAYS(AJ709,$AJ$1,FERIADO!$A$2:$A$408) -> 1223 | AL709: 11.31 | AM709: =$Z$2/(1+AL709/100)^(AK709/252) -> 59451.318 | AN709: =LOG(AM709/AM710) -> 0.00056364443 | AP709: =AB709*$AF$4 -> 0.00026710399 | AQ709: =AN709*$AF$7 -> 0.00016909333 | AR709: =AQ709+AP709 -> 0.00043619732
B710: 44609 | C710: 4770.24 | D710: 44609 | E710: 5.1559 | F710: 44607 | G710: 125.688 | H710: =G710*E710*1000 -> 648034.76 | I710: 44609 | J710: 6152.21 | K710: =J710*10 -> 61522.1 | L710: 44609 | M710: 5.14 | N710: 44608 | O710: 5.05 | P710: 44609 | Q710: 5.22 | R710: 44609 | S710: 5.31 | V710: 44608 | W710: 5.3 | X710: 44609 | Y710: =NETWORKDAYS(X710,$Z$1,FERIADO!$A$2:$A$408) -> 2237 | Z710: 11.58 | AA710: =$Z$2/(1+Z710/100)^(Y710/252) -> 37807.387 | AB710: =LOG(AA710/AA711) -> -0.003615374 | AJ710: 44609 | AK710: =NETWORKDAYS(AJ710,$AJ$1,FERIADO!$A$2:$A$408) -> 1224 | AL710: 11.33 | AM710: =$Z$2/(1+AL710/100)^(AK710/252) -> 59374.21 | AN710: =LOG(AM710/AM711) -> -0.001901995 | AP710: =AB710*$AF$4 -> -0.001807687 | AQ710: =AN710*$AF$7 -> -0.0005705985 | AR710: =AQ710+AP710 -> -0.0023782855
B711: 44608 | C711: 4888.24 | D711: 44608 | E711: 5.1624 | F711: 44606 | G711: 125.986 | H711: =G711*E711*1000 -> 650390.13 | I711: 44608 | J711: 6114.82 | K711: =J711*10 -> 61148.2 | L711: 44608 | M711: 5.1 | N711: 44607 | O711: 5.08 | P711: 44608 | Q711: 5.18 | R711: 44608 | S711: 5.25 | V711: 44607 | W711: 5.28 | X711: 44608 | Y711: =NETWORKDAYS(X711,$Z$1,FERIADO!$A$2:$A$408) -> 2238 | Z711: 11.47 | AA711: =$Z$2/(1+Z711/100)^(Y711/252) -> 38123.436 | AB711: =LOG(AA711/AA712) -> 0.0022635504 | AJ711: 44608 | AK711: =NETWORKDAYS(AJ711,$AJ$1,FERIADO!$A$2:$A$408) -> 1225 | AL711: 11.22 | AM711: =$Z$2/(1+AL711/100)^(AK711/252) -> 59634.81 | AN711: =LOG(AM711/AM712) -> 0.00027824969 | AP711: =AB711*$AF$4 -> 0.0011317752 | AQ711: =AN711*$AF$7 -> 8.3474906e-05 | AR711: =AQ711+AP711 -> 0.0012152501
... B725: 44588 | C725: 4714.8 | D725: 44588 | E725: 5.3806 | F725: 44586 | G725: 128.109 | H725: =G725*E725*1000 -> 689303.29 | I725: 44588 | J725: 6476.66 | K725: =J725*10 -> 64766.6 | L725: 44588 | M725: 5.13 | N725: 44586 | O725: 5.04 | P725: 44588 | Q725: 5.23 | R725: 44588 | S725: 5.23 | V725: 44587 | W725: 5.33 | X725: 44588 | Y725: =NETWORKDAYS(X725,$Z$1,FERIADO!$A$2:$A$408) -> 2252 | Z725: 11.49 | AA725: =$Z$2/(1+Z725/100)^(Y725/252) -> 37833.443 | AB725: =LOG(AA725/AA726) -> -0.005388788 | AJ725: 44588 | AK725: =NETWORKDAYS(AJ725,$AJ$1,FERIADO!$A$2:$A$408) -> 1239 | AL725: 11.325 | AM725: =$Z$2/(1+AL725/100)^(AK725/252) -> 59009.129 | AN725: =LOG(AM725/AM726) -> -0.0043309572 | AP725: =AB725*$AF$4 -> -0.002694394 | AQ725: =AN725*$AF$7 -> -0.0012992872 | AR725: =AQ725+AP725 -> -0.0039936812
B726: 44587 | C726: 4737.5 | D726: 44587 | E726: 5.4318 | F726: 44585 | G726: 128.326 | H726: =G726*E726*1000 -> 697041.17 | I726: 44587 | J726: 6509.57 | K726: =J726*10 -> 65095.7 | L726: 44587 | M726: 5.06 | P726: 44587 | Q726: 5.14 | R726: 44587 | S726: 5.22 | V726: 44586 | W726: 5.27 | X726: 44587 | Y726: =NETWORKDAYS(X726,$Z$1,FERIADO!$A$2:$A$408) -> 2253 | Z726: 11.33 | AA726: =$Z$2/(1+Z726/100)^(Y726/252) -> 38305.81 | AB726: =LOG(AA726/AA727) -> 0.0036725998 | AJ726: 44587 | AK726: =NETWORKDAYS(AJ726,$AJ$1,FERIADO!$A$2:$A$408) -> 1240 | AL726: 11.09 | AM726: =$Z$2/(1+AL726/100)^(AK726/252) -> 59600.536 | AN726: =LOG(AM726/AM727) -> 0.0017208723 | AP726: =AB726*$AF$4 -> 0.0018362999 | AQ726: =AN726*$AF$7 -> 0.0005162617 | AR726: =AQ726+AP726 -> 0.0023525616
B727: 44586 | C727: 4749.21 | D727: 44586 | E727: 5.4965 | F727: 44582 | G727: 128.257 | H727: =G727*E727*1000 -> 704964.6 | I727: 44586 | J727: 6524.53 | K727: =J727*10 -> 65245.3 | L727: 44586 | M727: 5.01 | P727: 44586 | Q727: 5.12 | R727: 44586 | S727: 5.15 | V727: 44585 | W727: 5.26 | X727: 44586 | Y727: =NETWORKDAYS(X727,$Z$1,FERIADO!$A$2:$A$408) -> 2254 | Z727: 11.43 | AA727: =$Z$2/(1+Z727/100)^(Y727/252) -> 37983.244 | AB727: =LOG(AA727/AA728) -> 0.00018651639 | AJ727: 44586 | AK727: =NETWORKDAYS(AJ727,$AJ$1,FERIADO!$A$2:$A$408) -> 1241 | AL727: 11.17 | AM727: =$Z$2/(1+AL727/100)^(AK727/252) -> 59364.839 | AN727: =LOG(AM727/AM728) -> 0.00076002831 | AP727: =AB727*$AF$4 -> 9.3258195e-05 | AQ727: =AN727*$AF$7 -> 0.00022800849 | AR727: =AQ727+AP727 -> 0.00032126669
B728: 44585 | C728: 4807.94 | D728: 44585 | E728: 5.4904 | F728: 44581 | G728: 127.758 | H728: =G728*E728*1000 -> 701442.52 | I728: 44585 | J728: 6578.99 | K728: =J728*10 -> 65789.9 | L728: 44585 | M728: 4.97 | P728: 44585 | Q728: 5.07 | R728: 44585 | S728: 5.13 | V728: 44582 | W728: 5.25 | X728: 44585 | Y728: =NETWORKDAYS(X728,$Z$1,FERIADO!$A$2:$A$408) -> 2255 | Z728: 11.43 | AA728: =$Z$2/(1+Z728/100)^(Y728/252) -> 37966.935 | AB728: =LOG(AA728/AA729) -> 0.0033254918 | AJ728: 44585 | AK728: =NETWORKDAYS(AJ728,$AJ$1,FERIADO!$A$2:$A$408) -> 1242 | AL728: 11.2 | AM728: =$Z$2/(1+AL728/100)^(AK728/252) -> 59261.039 | AN728: =LOG(AM728/AM729) -> 0.002108506 | AP728: =AB728*$AF$4 -> 0.0016627459 | AQ728: =AN728*$AF$7 -> 0.0006325518 | AR728: =AQ728+AP728 -> 0.0022952977
B729: 44582 | C729: 4811.13 | D729: 44582 | E729: 5.4395 | F729: 44580 | G729: 127.578 | H729: =G729*E729*1000 -> 693960.53 | I729: 44582 | J729: 6546.08 | K729: =J729*10 -> 65460.8 | L729: 44582 | M729: 4.99 | P729: 44582 | Q729: 5.08 | R729: 44582 | S729: 5.14 | V729: 44581 | W729: 5.24 | X729: 44582 | Y729: =NETWORKDAYS(X729,$Z$1,FERIADO!$A$2:$A$408) -> 2256 | Z729: 11.52 | AA729: =$Z$2/(1+Z729/100)^(Y729/252) -> 37677.324 | AB729: =LOG(AA729/AA730) -> -0.0085416013 | AJ729: 44582 | AK729: =NETWORKDAYS(AJ729,$AJ$1,FERIADO!$A$2:$A$408) -> 1243 | AL729: 11.3 | AM729: =$Z$2/(1+AL729/100)^(AK729/252) -> 58974.023 | AN729: =LOG(AM729/AM730) -> -0.0037679156 | AP729: =AB729*$AF$4 -> -0.0042708007 | AQ729: =AN729*$AF$7 -> -0.0011303747 | AR729: =AQ729+AP729 -> -0.0054011753
B730: 44581 | C730: 4887.08 | D730: 44581 | E730: 5.416 | F730: 44579 | G730: 127.368 | H730: =G730*E730*1000 -> 689825.09 | I730: 44581 | J730: 6499.4 | K730: =J730*10 -> 64994 | L730: 44581 | M730: 4.97 | P730: 44581 | Q730: 5.07 | R730: 44581 | S730: 5.13 | V730: 44580 | W730: 5.32 | X730: 44581 | Y730: =NETWORKDAYS(X730,$Z$1,FERIADO!$A$2:$A$408) -> 2257 | Z730: 11.27 | AA730: =$Z$2/(1+Z730/100)^(Y730/252) -> 38425.688 | AB730: =LOG(AA730/AA731) -> 0.0036797431 | AJ730: 44581 | AK730: =NETWORKDAYS(AJ730,$AJ$1,FERIADO!$A$2:$A$408) -> 1244 | AL730: 11.095 | AM730: =$Z$2/(1+AL730/100)^(AK730/252) -> 59487.905 | AN730: =LOG(AM730/AM731) -> 0.0029799437 | AP730: =AB730*$AF$4 -> 0.0018398716 | AQ730: =AN730*$AF$7 -> 0.0008939831 | AR730: =AQ730+AP730 -> 0.0027338547
B731: 44580 | C731: 4941.04 | D731: 44580 | E731: 5.4972 | F731: 44578 | G731: 128 | H731: =G731*E731*1000 -> 703641.6 | I731: 44580 | J731: 6527.53 | K731: =J731*10 -> 65275.3 | L731: 44580 | M731: 5.1 | P731: 44580 | Q731: 5.17 | R731: 44580 | S731: 5.22 | V731: 44579 | W731: 5.37 | X731: 44580 | Y731: =NETWORKDAYS(X731,$Z$1,FERIADO!$A$2:$A$408) -> 2258 | Z731: 11.37 | AA731: =$Z$2/(1+Z731/100)^(Y731/252) -> 38101.485 | AB731: =LOG(AA731/AA732) -> 0.0071706799 | AJ731: 44580 | AK731: =NETWORKDAYS(AJ731,$AJ$1,FERIADO!$A$2:$A$408) -> 1245 | AL731: 11.24 | AM731: =$Z$2/(1+AL731/100)^(AK731/252) -> 59081.121 | AN731: =LOG(AM731/AM732) -> 0.0042335333 | AP731: =AB731*$AF$4 -> 0.0035853399 | AQ731: =AN731*$AF$7 -> 0.00127006 | AR731: =AQ731+AP731 -> 0.0048553999
B732: 44579 | C732: 4983.75 | D732: 44579 | E732: 5.5207 | F732: 44575 | G732: 128.138 | H732: =G732*E732*1000 -> 707411.46 | I732: 44579 | J732: 6683.11 | K732: =J732*10 -> 66831.1 | L732: 44579 | M732: 5.19 | P732: 44579 | Q732: 5.28 | R732: 44579 | S732: 5.31 | V732: 44578 | W732: 5.4 | X732: 44579 | Y732: =NETWORKDAYS(X732,$Z$1,FERIADO!$A$2:$A$408) -> 2259 | Z732: 11.57 | AA732: =$Z$2/(1+Z732/100)^(Y732/252) -> 37477.553 | AB732: =LOG(AA732/AA733) -> -0.0015571906 | AJ732: 44579 | AK732: =NETWORKDAYS(AJ732,$AJ$1,FERIADO!$A$2:$A$408) -> 1246 | AL732: 11.45 | AM732: =$Z$2/(1+AL732/100)^(AK732/252) -> 58507.992 | AN732: =LOG(AM732/AM733) -> -0.00058462486 | AP732: =AB732*$AF$4 -> -0.00077859528 | AQ732: =AN732*$AF$7 -> -0.00017538746 | AR732: =AQ732+AP732 -> -0.00095398274
B733: 44578 | C733: 5088.88 | D733: 44578 | E733: 5.5052 | F733: 44574 | G733: 128.825 | H733: =G733*E733*1000 -> 709207.39 | I733: 44578 | J733: 6621.48 | K733: =J733*10 -> 66214.8 | L733: 44578 | M733: 5.19 | P733: 44578 | Q733: 5.24 | R733: 44578 | S733: 5.28 | V733: 44575 | W733: 5.24 | X733: 44578 | Y733: =NETWORKDAYS(X733,$Z$1,FERIADO!$A$2:$A$408) -> 2260 | Z733: 11.52 | AA733: =$Z$2/(1+Z733/100)^(Y733/252) -> 37612.172 | AB733: =LOG(AA733/AA734) -> -0.00960779 | AJ733: 44578 | AK733: =NETWORKDAYS(AJ733,$AJ$1,FERIADO!$A$2:$A$408) -> 1247 | AL733: 11.41 | AM733: =$Z$2/(1+AL733/100)^(AK733/252) -> 58586.806 | AN733: =LOG(AM733/AM734) -> -0.0051292844 | AP733: =AB733*$AF$4 -> -0.004803895 | AQ733: =AN733*$AF$7 -> -0.0015387853 | AR733: =AQ733+AP733 -> -0.0063426803
B734: 44575 | C734: 5087.96 | D734: 44575 | E734: 5.5343 | F734: 44573 | G734: 128.535 | H734: =G734*E734*1000 -> 711351.25 | I734: 44575 | J734: 6646.61 | K734: =J734*10 -> 66466.1 | L734: 44575 | M734: 5.08 | P734: 44575 | Q734: 5.13 | R734: 44575 | S734: 5.13 | V734: 44574 | W734: 5.32 | X734: 44575 | Y734: =NETWORKDAYS(X734,$Z$1,FERIADO!$A$2:$A$408) -> 2261 | Z734: 11.24 | AA734: =$Z$2/(1+Z734/100)^(Y734/252) -> 38453.529 | AB734: =LOG(AA734/AA735) -> 0.0015850889 | AJ734: 44575 | AK734: =NETWORKDAYS(AJ734,$AJ$1,FERIADO!$A$2:$A$408) -> 1248 | AL734: 11.135 | AM734: =$Z$2/(1+AL734/100)^(AK734/252) -> 59282.854 | AN734: =LOG(AM734/AM735) -> 0.00018194783 | AP734: =AB734*$AF$4 -> 0.00079254445 | AQ734: =AN734*$AF$7 -> 5.458435e-05 | AR734: =AQ734+AP734 -> 0.0008471288
B735: 44574 | C735: 5077.07 | D735: 44574 | E735: 5.524 | F735: 44572 | G735: 128.36 | H735: =G735*E735*1000 -> 709060.64 | I735: 44574 | J735: 6640.63 | K735: =J735*10 -> 66406.3 | L735: 44574 | M735: 5.1 | P735: 44574 | Q735: 5.2 | R735: 44574 | S735: 5.22 | V735: 44573 | W735: 5.36 | X735: 44574 | Y735: =NETWORKDAYS(X735,$Z$1,FERIADO!$A$2:$A$408) -> 2262 | Z735: 11.28 | AA735: =$Z$2/(1+Z735/100)^(Y735/252) -> 38313.437 | AB735: =LOG(AA735/AA736) -> 0.00018419491 | AJ735: 44574 | AK735: =NETWORKDAYS(AJ735,$AJ$1,FERIADO!$A$2:$A$408) -> 1249 | AL735: 11.135 | AM735: =$Z$2/(1+AL735/100)^(AK735/252) -> 59258.023 | AN735: =LOG(AM735/AM736) -> 0.001247803 | AP735: =AB735*$AF$4 -> 9.2097454e-05 | AQ735: =AN735*$AF$7 -> 0.00037434089 | AR735: =AQ735+AP735 -> 0.00046643834
B736: 44573 | C736: 5157.16 | D736: 44573 | E736: 5.5605 | F736: 44571 | G736: 128.222 | H736: =G736*E736*1000 -> 712978.43 | I736: 44573 | J736: 6654.39 | K736: =J736*10 -> 66543.9 | L736: 44573 | M736: 5.07 | P736: 44573 | Q736: 5.22 | R736: 44573 | S736: 5.25 | V736: 44572 | W736: 5.42 | X736: 44573 | Y736: =NETWORKDAYS(X736,$Z$1,FERIADO!$A$2:$A$408) -> 2263 | Z736: 11.28 | AA736: =$Z$2/(1+Z736/100)^(Y736/252) -> 38297.191 | AB736: =LOG(AA736/AA737) -> 0.0082402511 | AJ736: 44573 | AK736: =NETWORKDAYS(AJ736,$AJ$1,FERIADO!$A$2:$A$408) -> 1250 | AL736: 11.19 | AM736: =$Z$2/(1+AL736/100)^(AK736/252) -> 59088.009 | AN736: =LOG(AM736/AM737) -> 0.0052182869 | AP736: =AB736*$AF$4 -> 0.0041201255 | AQ736: =AN736*$AF$7 -> 0.0015654861 | AR736: =AQ736+AP736 -> 0.0056856116
B737: 44572 | C737: 5138.54 | D737: 44572 | E737: 5.6345 | F737: 44568 | G737: 128.31 | H737: =G737*E737*1000 -> 722962.7 | I737: 44572 | J737: 6699.27 | K737: =J737*10 -> 66992.7 | L737: 44572 | M737: 5.21 | P737: 44572 | Q737: 5.32 | R737: 44572 | S737: 5.33 | V737: 44571 | W737: 5.31 | X737: 44572 | Y737: =NETWORKDAYS(X737,$Z$1,FERIADO!$A$2:$A$408) -> 2264 | Z737: 11.51 | AA737: =$Z$2/(1+Z737/100)^(Y737/252) -> 37577.395 | AB737: =LOG(AA737/AA738) -> -0.0015629218 | AJ737: 44572 | AK737: =NETWORKDAYS(AJ737,$AJ$1,FERIADO!$A$2:$A$408) -> 1251 | AL737: 11.45 | AM737: =$Z$2/(1+AL737/100)^(AK737/252) -> 58382.282 | AN737: =LOG(AM737/AM738) -> -0.00097509426 | AP737: =AB737*$AF$4 -> -0.00078146092 | AQ737: =AN737*$AF$7 -> -0.00029252828 | AR737: =AQ737+AP737 -> -0.0010739892
... B947: 44264 | C947: 4217.96 | D947: 44267 | E947: 5.5634 | F947: 44260 | G947: 132.275 | H947: =G947*E947*1000 -> 735898.73 | I947: 44264 | J947: 7247.05 | K947: =J947*10 -> 72470.5 | L947: 44264 | M947: 2.97 | P947: 44264 | Q947: 3.24 | R947: 44263 | S947: 3.38 | V947: 43682 | W947: 3.89 | X947: 44264 | Y947: =NETWORKDAYS(X947,$Z$1,FERIADO!$A$2:$A$408) -> 2477 | Z947: 8.64 | AA947: =$Z$2/(1+Z947/100)^(Y947/252) -> 44283.663 | AB947: =LOG(AA947/AA948) -> -0.0073324893 | AJ947: 44264 | AK947: =NETWORKDAYS(AJ947,$AJ$1,FERIADO!$A$2:$A$408) -> 1464 | AL947: 8.03 | AM947: =$Z$2/(1+AL947/100)^(AK947/252) -> 63844.45 | AN947: =LOG(AM947/AM948) -> -0.0038430842 | AP947: =AB947*$AF$4 -> -0.0036662446 | AQ947: =AN947*$AF$7 -> -0.0011529253 | AR947: =AQ947+AP947 -> -0.0048191699
B948: 44263 | C948: 4166.3 | D948: 44266 | E948: 5.5884 | F948: 44259 | G948: 132.467 | H948: =G948*E948*1000 -> 740278.58 | I948: 44263 | J948: 7340.01 | K948: =J948*10 -> 73400.1 | L948: 44263 | M948: 2.9 | P948: 44263 | Q948: 3.15 | R948: 44260 | S948: 3.32 | X948: 44263 | Y948: =NETWORKDAYS(X948,$Z$1,FERIADO!$A$2:$A$408) -> 2478 | Z948: 8.45 | AA948: =$Z$2/(1+Z948/100)^(Y948/252) -> 45037.682 | AB948: =LOG(AA948/AA949) -> -0.0089304554 | AJ948: 44263 | AK948: =NETWORKDAYS(AJ948,$AJ$1,FERIADO!$A$2:$A$408) -> 1465 | AL948: 7.86 | AM948: =$Z$2/(1+AL948/100)^(AK948/252) -> 64411.918 | AN948: =LOG(AM948/AM949) -> -0.0062019562 | AP948: =AB948*$AF$4 -> -0.0044652277 | AQ948: =AN948*$AF$7 -> -0.0018605869 | AR948: =AQ948+AP948 -> -0.0063258146
B949: 44260 | C949: 4182.96 | D949: 44265 | E949: 5.7443 | F949: 44258 | G949: 133.027 | H949: =G949*E949*1000 -> 764147 | I949: 44260 | J949: 7108.55 | K949: =J949*10 -> 71085.5 | L949: 44260 | M949: 2.92 | P949: 44260 | Q949: 3.1 | R949: 44259 | S949: 3.56 | X949: 44260 | Y949: =NETWORKDAYS(X949,$Z$1,FERIADO!$A$2:$A$408) -> 2479 | Z949: 8.22 | AA949: =$Z$2/(1+Z949/100)^(Y949/252) -> 45973.385 | AB949: =LOG(AA949/AA950) -> 0.012361689 | AJ949: 44260 | AK949: =NETWORKDAYS(AJ949,$AJ$1,FERIADO!$A$2:$A$408) -> 1466 | AL949: 7.59 | AM949: =$Z$2/(1+AL949/100)^(AK949/252) -> 65338.354 | AN949: =LOG(AM949/AM950) -> 0.0059939141 | AP949: =AB949*$AF$4 -> 0.0061808444 | AQ949: =AN949*$AF$7 -> 0.0017981742 | AR949: =AQ949+AP949 -> 0.0079790187
B950: 44259 | C950: 4098.24 | D950: 44264 | E950: 5.8391 | F950: 44257 | G950: 133.597 | H950: =G950*E950*1000 -> 780086.24 | I950: 44259 | J950: 7081.1 | K950: =J950*10 -> 70811 | L950: 44259 | M950: 2.98 | P950: 44259 | Q950: 3.31 | R950: 44258 | S950: 3.7 | X950: 44259 | Y950: =NETWORKDAYS(X950,$Z$1,FERIADO!$A$2:$A$408) -> 2480 | Z950: 8.53 | AA950: =$Z$2/(1+Z950/100)^(Y950/252) -> 44683.254 | AB950: =LOG(AA950/AA951) -> 0.020578475 | AJ950: 44259 | AK950: =NETWORKDAYS(AJ950,$AJ$1,FERIADO!$A$2:$A$408) -> 1467 | AL950: 7.84 | AM950: =$Z$2/(1+AL950/100)^(AK950/252) -> 64442.781 | AN950: =LOG(AM950/AM951) -> 0.013700479 | AP950: =AB950*$AF$4 -> 0.010289237 | AQ950: =AN950*$AF$7 -> 0.0041101437 | AR950: =AQ950+AP950 -> 0.014399381
B951: 44258 | C951: 4158.42 | D951: 44263 | E951: 5.7337 | F951: 44256 | G951: 133.29 | H951: =G951*E951*1000 -> 764244.87 | I951: 44258 | J951: 7014.97 | K951: =J951*10 -> 70149.7 | L951: 44258 | M951: 3.18 | P951: 44258 | Q951: 3.48 | R951: 44257 | S951: 3.68 | X951: 44258 | Y951: =NETWORKDAYS(X951,$Z$1,FERIADO!$A$2:$A$408) -> 2481 | Z951: 9.05 | AA951: =$Z$2/(1+Z951/100)^(Y951/252) -> 42615.376 | AB951: =LOG(AA951/AA952) -> -0.011241013 | AJ951: 44258 | AK951: =NETWORKDAYS(AJ951,$AJ$1,FERIADO!$A$2:$A$408) -> 1468 | AL951: 8.42 | AM951: =$Z$2/(1+AL951/100)^(AK951/252) -> 62441.567 | AN951: =LOG(AM951/AM952) -> -0.0068755362 | AP951: =AB951*$AF$4 -> -0.0056205066 | AQ951: =AN951*$AF$7 -> -0.0020626609 | AR951: =AQ951+AP951 -> -0.0076831675
B952: 44257 | C952: 4214.86 | D952: 44260 | E952: 5.6864 | F952: 44253 | G952: 132.964 | H952: =G952*E952*1000 -> 756086.49 | I952: 44257 | J952: 7094.82 | K952: =J952*10 -> 70948.2 | L952: 44257 | M952: 3.14 | P952: 44257 | Q952: 3.48 | R952: 44256 | S952: 3.61 | X952: 44257 | Y952: =NETWORKDAYS(X952,$Z$1,FERIADO!$A$2:$A$408) -> 2482 | Z952: 8.76 | AA952: =$Z$2/(1+Z952/100)^(Y952/252) -> 43732.805 | AB952: =LOG(AA952/AA953) -> -0.0061551413 | AJ952: 44257 | AK952: =NETWORKDAYS(AJ952,$AJ$1,FERIADO!$A$2:$A$408) -> 1469 | AL952: 8.12 | AM952: =$Z$2/(1+AL952/100)^(AK952/252) -> 63437.978 | AN952: =LOG(AM952/AM953) -> -0.0033825769 | AP952: =AB952*$AF$4 -> -0.0030775706 | AQ952: =AN952*$AF$7 -> -0.0010147731 | AR952: =AQ952+AP952 -> -0.0040923437
B953: 44256 | C953: 4240.59 | D953: 44259 | E953: 5.6002 | F953: 44252 | G953: 132.592 | H953: =G953*E953*1000 -> 742541.72 | I953: 44256 | J953: 7046.78 | K953: =J953*10 -> 70467.8 | L953: 44256 | M953: 3.17 | P953: 44256 | Q953: 3.39 | R953: 44253 | S953: 3.61 | X953: 44256 | Y953: =NETWORKDAYS(X953,$Z$1,FERIADO!$A$2:$A$408) -> 2483 | Z953: 8.6 | AA953: =$Z$2/(1+Z953/100)^(Y953/252) -> 44357.032 | AB953: =LOG(AA953/AA954) -> -0.0034069985 | AJ953: 44256 | AK953: =NETWORKDAYS(AJ953,$AJ$1,FERIADO!$A$2:$A$408) -> 1470 | AL953: 7.97 | AM953: =$Z$2/(1+AL953/100)^(AK953/252) -> 63934.005 | AN953: =LOG(AM953/AM954) -> -0.0026869809 | AP953: =AB953*$AF$4 -> -0.0017034992 | AQ953: =AN953*$AF$7 -> -0.00080609428 | AR953: =AQ953+AP953 -> -0.0025095935
B954: 44253 | C954: 4168.24 | D954: 44258 | E954: 5.7336 | F954: 44251 | G954: 135.201 | H954: =G954*E954*1000 -> 775188.45 | I954: 44253 | J954: 6999.99 | K954: =J954*10 -> 69999.9 | L954: 44253 | M954: 3.02 | P954: 44253 | Q954: 3.37 | R954: 44251 | S954: 3.51 | X954: 44253 | Y954: =NETWORKDAYS(X954,$Z$1,FERIADO!$A$2:$A$408) -> 2484 | Z954: 8.51 | AA954: =$Z$2/(1+Z954/100)^(Y954/252) -> 44706.377 | AB954: =LOG(AA954/AA955) -> 0.001719165 | AJ954: 44253 | AK954: =NETWORKDAYS(AJ954,$AJ$1,FERIADO!$A$2:$A$408) -> 1471 | AL954: 7.85 | AM954: =$Z$2/(1+AL954/100)^(AK954/252) -> 64330.791 | AN954: =LOG(AM954/AM955) -> -0.00010499069 | AP954: =AB954*$AF$4 -> 0.00085958248 | AQ954: =AN954*$AF$7 -> -3.1497208e-05 | AR954: =AQ954+AP954 -> 0.00082808528
B955: 44252 | C955: 4168.27 | D955: 44257 | E955: 5.6838 | F955: 44250 | G955: 135.307 | H955: =G955*E955*1000 -> 769057.93 | I955: 44252 | J955: 6912.65 | K955: =J955*10 -> 69126.5 | L955: 44252 | M955: 2.93 | P955: 44252 | Q955: 3.31 | R955: 44250 | S955: 3.47 | X955: 44252 | Y955: =NETWORKDAYS(X955,$Z$1,FERIADO!$A$2:$A$408) -> 2485 | Z955: 8.55 | AA955: =$Z$2/(1+Z955/100)^(Y955/252) -> 44529.755 | AB955: =LOG(AA955/AA956) -> -0.0049926442 | AJ955: 44252 | AK955: =NETWORKDAYS(AJ955,$AJ$1,FERIADO!$A$2:$A$408) -> 1472 | AL955: 7.84 | AM955: =$Z$2/(1+AL955/100)^(AK955/252) -> 64346.345 | AN955: =LOG(AM955/AM956) -> -0.0034033806 | AP955: =AB955*$AF$4 -> -0.0024963221 | AQ955: =AN955*$AF$7 -> -0.0010210142 | AR955: =AQ955+AP955 -> -0.0035173363
B956: 44251 | C956: 4264.92 | D956: 44256 | E956: 5.5826 | F956: 44249 | G956: 135.36 | H956: =G956*E956*1000 -> 755660.74 | I956: 44251 | J956: 6749.68 | K956: =J956*10 -> 67496.8 | L956: 44251 | M956: 2.84 | P956: 44251 | Q956: 3.22 | R956: 44249 | S956: 3.47 | X956: 44251 | Y956: =NETWORKDAYS(X956,$Z$1,FERIADO!$A$2:$A$408) -> 2486 | Z956: 8.42 | AA956: =$Z$2/(1+Z956/100)^(Y956/252) -> 45044.623 | AB956: =LOG(AA956/AA957) -> -0.0073783697 | AJ956: 44251 | AK956: =NETWORKDAYS(AJ956,$AJ$1,FERIADO!$A$2:$A$408) -> 1473 | AL956: 7.69 | AM956: =$Z$2/(1+AL956/100)^(AK956/252) -> 64852.58 | AN956: =LOG(AM956/AM957) -> -0.0043581506 | AP956: =AB956*$AF$4 -> -0.0036891848 | AQ956: =AN956*$AF$7 -> -0.0013074452 | AR956: =AQ956+AP956 -> -0.00499663
B957: 44250 | C957: 4226.69 | D957: 44253 | E957: 5.5296 | F957: 44246 | G957: 135.402 | H957: =G957*E957*1000 -> 748718.9 | I957: 44250 | J957: 6796.51 | K957: =J957*10 -> 67965.1 | L957: 44250 | M957: 2.75 | P957: 44250 | Q957: 3.18 | R957: 44246 | S957: 3.38 | X957: 44250 | Y957: =NETWORKDAYS(X957,$Z$1,FERIADO!$A$2:$A$408) -> 2487 | Z957: 8.23 | AA957: =$Z$2/(1+Z957/100)^(Y957/252) -> 45816.438 | AB957: =LOG(AA957/AA958) -> 0.0021167152 | AJ957: 44250 | AK957: =NETWORKDAYS(AJ957,$AJ$1,FERIADO!$A$2:$A$408) -> 1474 | AL957: 7.5 | AM957: =$Z$2/(1+AL957/100)^(AK957/252) -> 65506.653 | AN957: =LOG(AM957/AM958) -> 0.0017793548 | AP957: =AB957*$AF$4 -> 0.0010583576 | AQ957: =AN957*$AF$7 -> 0.00053380645 | AR957: =AQ957+AP957 -> 0.001592164
B958: 44249 | C958: 4215.42 | D958: 44252 | E958: 5.4594 | F958: 44245 | G958: 135.783 | H958: =G958*E958*1000 -> 741293.71 | I958: 44249 | J958: 6827.11 | K958: =J958*10 -> 68271.1 | L958: 44249 | M958: 2.76 | P958: 44249 | Q958: 3.17 | R958: 44245 | S958: 3.33 | X958: 44249 | Y958: =NETWORKDAYS(X958,$Z$1,FERIADO!$A$2:$A$408) -> 2488 | Z958: 8.28 | AA958: =$Z$2/(1+Z958/100)^(Y958/252) -> 45593.676 | AB958: =LOG(AA958/AA959) -> -0.0066027577 | AJ958: 44249 | AK958: =NETWORKDAYS(AJ958,$AJ$1,FERIADO!$A$2:$A$408) -> 1475 | AL958: 7.57 | AM958: =$Z$2/(1+AL958/100)^(AK958/252) -> 65238.814 | AN958: =LOG(AM958/AM959) -> -0.0046080751 | AP958: =AB958*$AF$4 -> -0.0033013789 | AQ958: =AN958*$AF$7 -> -0.0013824225 | AR958: =AQ958+AP958 -> -0.0046838014
B959: 44246 | C959: 4252.67 | D959: 44251 | E959: 5.4176 | F959: 44244 | G959: 135.813 | H959: =G959*E959*1000 -> 735780.51 | I959: 44246 | J959: 6722.21 | K959: =J959*10 -> 67222.1 | L959: 44246 | M959: 2.63 | P959: 44246 | Q959: 3.07 | R959: 44244 | S959: 3.34 | X959: 44246 | Y959: =NETWORKDAYS(X959,$Z$1,FERIADO!$A$2:$A$408) -> 2489 | Z959: 8.11 | AA959: =$Z$2/(1+Z959/100)^(Y959/252) -> 46292.151 | AB959: =LOG(AA959/AA960) -> -0.0042340979 | AJ959: 44246 | AK959: =NETWORKDAYS(AJ959,$AJ$1,FERIADO!$A$2:$A$408) -> 1476 | AL959: 7.37 | AM959: =$Z$2/(1+AL959/100)^(AK959/252) -> 65934.715 | AN959: =LOG(AM959/AM960) -> -0.002249279 | AP959: =AB959*$AF$4 -> -0.0021170489 | AQ959: =AN959*$AF$7 -> -0.0006747837 | AR959: =AQ959+AP959 -> -0.0027918326
... B1212: 43871 | C1212: 3827.28 | D1212: 43879 | E1212: 4.3465 | F1212: 43864 | G1212: 131.51 | H1212: =G1212*E1212*1000 -> 571608.21 | I1212: 43871 | J1212: 5264.31 | K1212: =J1212*10 -> 52643.1 | L1212: 43871 | M1212: 2.69 | P1212: 43866 | Q1212: 2.97 | R1212: 42615 | S1212: 5.75 | X1212: 43871 | Y1212: =NETWORKDAYS(X1212,$Z$1,FERIADO!$A$2:$A$408) -> 2755 | Z1212: 6.9 | AA1212: =$Z$2/(1+Z1212/100)^(Y1212/252) -> 48216.989 | AB1212: =LOG(AA1212/AA1213) -> 0.0041120911 | AJ1212: 43871 | AK1212: =NETWORKDAYS(AJ1212,$AJ$1,FERIADO!$A$2:$A$408) -> 1742 | AL1212: 6.48 | AM1212: =$Z$2/(1+AL1212/100)^(AK1212/252) -> 64789.443 | AN1212: =LOG(AM1212/AM1213) -> 0.0020823033 | AP1212: =AB1212*$AF$4 -> 0.0020560455 | AQ1212: =AN1212*$AF$7 -> 0.00062469099 | AR1212: =AQ1212+AP1212 -> 0.0026807365
B1213: 43868 | C1213: 3802.39 | D1213: 43878 | E1213: 4.3151 | F1213: 43861 | G1213: 131.759 | H1213: =G1213*E1213*1000 -> 568553.26 | I1213: 43868 | J1213: 5260.05 | K1213: =J1213*10 -> 52600.5 | L1213: 43868 | M1213: 2.74 | P1213: 43865 | Q1213: 3.03 | X1213: 43868 | Y1213: =NETWORKDAYS(X1213,$Z$1,FERIADO!$A$2:$A$408) -> 2756 | Z1213: 6.99 | AA1213: =$Z$2/(1+Z1213/100)^(Y1213/252) -> 47762.604 | AB1213: =LOG(AA1213/AA1214) -> -0.0043266005 | AJ1213: 43868 | AK1213: =NETWORKDAYS(AJ1213,$AJ$1,FERIADO!$A$2:$A$408) -> 1743 | AL1213: 6.55 | AM1213: =$Z$2/(1+AL1213/100)^(AK1213/252) -> 64479.542 | AN1213: =LOG(AM1213/AM1214) -> -0.0021481719 | AP1213: =AB1213*$AF$4 -> -0.0021633002 | AQ1213: =AN1213*$AF$7 -> -0.00064445157 | AR1213: =AQ1213+AP1213 -> -0.0028077518
B1214: 43867 | C1214: 3822.74 | D1214: 43875 | E1214: 4.3157 | F1214: 43860 | G1214: 131.254 | H1214: =G1214*E1214*1000 -> 566452.89 | I1214: 43867 | J1214: 5212.64 | K1214: =J1214*10 -> 52126.4 | L1214: 43867 | M1214: 2.69 | P1214: 43864 | Q1214: 3.05 | X1214: 43867 | Y1214: =NETWORKDAYS(X1214,$Z$1,FERIADO!$A$2:$A$408) -> 2757 | Z1214: 6.89 | AA1214: =$Z$2/(1+Z1214/100)^(Y1214/252) -> 48240.811 | AB1214: =LOG(AA1214/AA1215) -> -0.001664196 | AJ1214: 43867 | AK1214: =NETWORKDAYS(AJ1214,$AJ$1,FERIADO!$A$2:$A$408) -> 1744 | AL1214: 6.47 | AM1214: =$Z$2/(1+AL1214/100)^(AK1214/252) -> 64799.27 | AN1214: =LOG(AM1214/AM1215) -> -0.0021524586 | AP1214: =AB1214*$AF$4 -> -0.00083209801 | AQ1214: =AN1214*$AF$7 -> -0.00064573759 | AR1214: =AQ1214+AP1214 -> -0.0014778356
B1215: 43866 | C1215: 3808.78 | D1215: 43874 | E1215: 4.3383 | F1215: 43859 | G1215: 131.007 | H1215: =G1215*E1215*1000 -> 568347.67 | I1215: 43866 | J1215: 5155.51 | K1215: =J1215*10 -> 51555.1 | L1215: 43866 | M1215: 2.66 | P1215: 43861 | Q1215: 3.06 | X1215: 43866 | Y1215: =NETWORKDAYS(X1215,$Z$1,FERIADO!$A$2:$A$408) -> 2758 | Z1215: 6.85 | AA1215: =$Z$2/(1+Z1215/100)^(Y1215/252) -> 48426.022 | AB1215: =LOG(AA1215/AA1216) -> 0.0045621131 | AJ1215: 43866 | AK1215: =NETWORKDAYS(AJ1215,$AJ$1,FERIADO!$A$2:$A$408) -> 1745 | AL1215: 6.39 | AM1215: =$Z$2/(1+AL1215/100)^(AK1215/252) -> 65121.227 | AN1215: =LOG(AM1215/AM1216) -> 0.002368548 | AP1215: =AB1215*$AF$4 -> 0.0022810566 | AQ1215: =AN1215*$AF$7 -> 0.00071056439 | AR1215: =AQ1215+AP1215 -> 0.002991621
B1216: 43865 | C1216: 3769.52 | D1216: 43873 | E1216: 4.336 | F1216: 43858 | G1216: 130.569 | H1216: =G1216*E1216*1000 -> 566147.18 | I1216: 43865 | J1216: 5179.82 | K1216: =J1216*10 -> 51798.2 | L1216: 43865 | M1216: 2.71 | P1216: 43860 | Q1216: 3.04 | X1216: 43865 | Y1216: =NETWORKDAYS(X1216,$Z$1,FERIADO!$A$2:$A$408) -> 2759 | Z1216: 6.95 | AA1216: =$Z$2/(1+Z1216/100)^(Y1216/252) -> 47919.986 | AB1216: =LOG(AA1216/AA1217) -> 0.0023390072 | AJ1216: 43865 | AK1216: =NETWORKDAYS(AJ1216,$AJ$1,FERIADO!$A$2:$A$408) -> 1746 | AL1216: 6.47 | AM1216: =$Z$2/(1+AL1216/100)^(AK1216/252) -> 64767.036 | AN1216: =LOG(AM1216/AM1217) -> 0.0015216151 | AP1216: =AB1216*$AF$4 -> 0.0011695036 | AQ1216: =AN1216*$AF$7 -> 0.00045648454 | AR1216: =AQ1216+AP1216 -> 0.0016259881
B1217: 43864 | C1217: 3706.27 | D1217: 43872 | E1217: 4.3142 | F1217: 43857 | G1217: 130.914 | H1217: =G1217*E1217*1000 -> 564789.18 | I1217: 43864 | J1217: 5170.7 | K1217: =J1217*10 -> 51707 | L1217: 43864 | M1217: 2.74 | P1217: 43859 | Q1217: 3.06 | X1217: 43864 | Y1217: =NETWORKDAYS(X1217,$Z$1,FERIADO!$A$2:$A$408) -> 2760 | Z1217: 7 | AA1217: =$Z$2/(1+Z1217/100)^(Y1217/252) -> 47662.594 | AB1217: =LOG(AA1217/AA1218) -> 0.0041172133 | AJ1217: 43864 | AK1217: =NETWORKDAYS(AJ1217,$AJ$1,FERIADO!$A$2:$A$408) -> 1747 | AL1217: 6.52 | AM1217: =$Z$2/(1+AL1217/100)^(AK1217/252) -> 64540.513 | AN1217: =LOG(AM1217/AM1218) -> 0.0023704809 | AP1217: =AB1217*$AF$4 -> 0.0020586067 | AQ1217: =AN1217*$AF$7 -> 0.00071114426 | AR1217: =AQ1217+AP1217 -> 0.0027697509
B1218: 43861 | C1218: 3682.16 | D1218: 43871 | E1218: 4.3189 | F1218: 43854 | G1218: 130.211 | H1218: =G1218*E1218*1000 -> 562368.29 | I1218: 43861 | J1218: 5213.86 | K1218: =J1218*10 -> 52138.6 | L1218: 43861 | M1218: 2.77 | P1218: 43858 | Q1218: 3.09 | X1218: 43861 | Y1218: =NETWORKDAYS(X1218,$Z$1,FERIADO!$A$2:$A$408) -> 2761 | Z1218: 7.09 | AA1218: =$Z$2/(1+Z1218/100)^(Y1218/252) -> 47212.876 | AB1218: =LOG(AA1218/AA1219) -> 0.00056251696 | AJ1218: 43861 | AK1218: =NETWORKDAYS(AJ1218,$AJ$1,FERIADO!$A$2:$A$408) -> 1748 | AL1218: 6.6 | AM1218: =$Z$2/(1+AL1218/100)^(AK1218/252) -> 64189.195 | AN1218: =LOG(AM1218/AM1219) -> -0.00017262459 | AP1218: =AB1218*$AF$4 -> 0.00028125848 | AQ1218: =AN1218*$AF$7 -> -5.1787376e-05 | AR1218: =AQ1218+AP1218 -> 0.00022947111
B1219: 43860 | C1219: 3747.66 | D1219: 43868 | E1219: 4.307 | F1219: 43853 | G1219: 129.804 | H1219: =G1219*E1219*1000 -> 559065.83 | I1219: 43860 | J1219: 5165.23 | K1219: =J1219*10 -> 51652.3 | L1219: 43860 | M1219: 2.74 | P1219: 43857 | Q1219: 3.14 | X1219: 43860 | Y1219: =NETWORKDAYS(X1219,$Z$1,FERIADO!$A$2:$A$408) -> 2762 | Z1219: 7.1 | AA1219: =$Z$2/(1+Z1219/100)^(Y1219/252) -> 47151.764 | AB1219: =LOG(AA1219/AA1220) -> 0.00056279729 | AJ1219: 43860 | AK1219: =NETWORKDAYS(AJ1219,$AJ$1,FERIADO!$A$2:$A$408) -> 1749 | AL1219: 6.59 | AM1219: =$Z$2/(1+AL1219/100)^(AK1219/252) -> 64214.714 | AN1219: =LOG(AM1219/AM1220) -> -0.00017297448 | AP1219: =AB1219*$AF$4 -> 0.00028139865 | AQ1219: =AN1219*$AF$7 -> -5.1892345e-05 | AR1219: =AQ1219+AP1219 -> 0.0002295063
B1220: 43859 | C1220: 3739.4 | D1220: 43867 | E1220: 4.2471 | F1220: 43852 | G1220: 129.571 | H1220: =G1220*E1220*1000 -> 550300.99 | I1220: 43859 | J1220: 5150.02 | K1220: =J1220*10 -> 51500.2 | L1220: 43859 | M1220: 2.76 | P1220: 43854 | Q1220: 3.13 | X1220: 43859 | Y1220: =NETWORKDAYS(X1220,$Z$1,FERIADO!$A$2:$A$408) -> 2763 | Z1220: 7.11 | AA1220: =$Z$2/(1+Z1220/100)^(Y1220/252) -> 47090.7 | AB1220: =LOG(AA1220/AA1221) -> 0.001452362 | AJ1220: 43859 | AK1220: =NETWORKDAYS(AJ1220,$AJ$1,FERIADO!$A$2:$A$408) -> 1750 | AL1220: 6.58 | AM1220: =$Z$2/(1+AL1220/100)^(AK1220/252) -> 64240.295 | AN1220: =LOG(AM1220/AM1221) -> 0.00067604198 | AP1220: =AB1220*$AF$4 -> 0.00072618102 | AQ1220: =AN1220*$AF$7 -> 0.00020281259 | AR1220: =AQ1220+AP1220 -> 0.00092899362
B1221: 43858 | C1221: 3746.47 | D1221: 43866 | E1221: 4.2443 | F1221: 43851 | G1221: 129.6 | H1221: =G1221*E1221*1000 -> 550061.28 | I1221: 43858 | J1221: 5105 | K1221: =J1221*10 -> 51050 | L1221: 43858 | M1221: 2.8 | P1221: 43853 | Q1221: 3.14 | X1221: 43858 | Y1221: =NETWORKDAYS(X1221,$Z$1,FERIADO!$A$2:$A$408) -> 2764 | Z1221: 7.14 | AA1221: =$Z$2/(1+Z1221/100)^(Y1221/252) -> 46933.483 | AB1221: =LOG(AA1221/AA1222) -> 0.00056359655 | AJ1221: 43858 | AK1221: =NETWORKDAYS(AJ1221,$AJ$1,FERIADO!$A$2:$A$408) -> 1751 | AL1221: 6.6 | AM1221: =$Z$2/(1+AL1221/100)^(AK1221/252) -> 64140.374 | AN1221: =LOG(AM1221/AM1222) -> 0.0018091333 | AP1221: =AB1221*$AF$4 -> 0.00028179827 | AQ1221: =AN1221*$AF$7 -> 0.00054274 | AR1221: =AQ1221+AP1221 -> 0.00082453828
B1222: 43857 | C1222: 3703.54 | D1222: 43865 | E1222: 4.2375 | F1222: 43850 | G1222: 129.15 | H1222: =G1222*E1222*1000 -> 547273.12 | I1222: 43857 | J1222: 5122.03 | K1222: =J1222*10 -> 51220.3 | L1222: 43857 | M1222: 2.83 | P1222: 43851 | Q1222: 3.18 | X1222: 43857 | Y1222: =NETWORKDAYS(X1222,$Z$1,FERIADO!$A$2:$A$408) -> 2765 | Z1222: 7.15 | AA1222: =$Z$2/(1+Z1222/100)^(Y1222/252) -> 46872.615 | AB1222: =LOG(AA1222/AA1223) -> 0.0014534725 | AJ1222: 43857 | AK1222: =NETWORKDAYS(AJ1222,$AJ$1,FERIADO!$A$2:$A$408) -> 1752 | AL1222: 6.66 | AM1222: =$Z$2/(1+AL1222/100)^(AK1222/252) -> 63873.741 | AN1222: =LOG(AM1222/AM1223) -> 0.00067755669 | AP1222: =AB1222*$AF$4 -> 0.00072673625 | AQ1222: =AN1222*$AF$7 -> 0.00020326701 | AR1222: =AQ1222+AP1222 -> 0.00093000326
B1223: 43854 | C1223: 3758.45 | D1223: 43864 | E1223: 4.2469 | F1223: 43847 | G1223: 129.054 | H1223: =G1223*E1223*1000 -> 548079.43 | I1223: 43854 | J1223: 5091 | K1223: =J1223*10 -> 50910 | L1223: 43854 | M1223: 2.84 | P1223: 43850 | Q1223: 3.2 | X1223: 43854 | Y1223: =NETWORKDAYS(X1223,$Z$1,FERIADO!$A$2:$A$408) -> 2766 | Z1223: 7.18 | AA1223: =$Z$2/(1+Z1223/100)^(Y1223/252) -> 46716.007 | AB1223: =LOG(AA1223/AA1224) -> -0.00032543892 | AJ1223: 43854 | AK1223: =NETWORKDAYS(AJ1223,$AJ$1,FERIADO!$A$2:$A$408) -> 1753 | AL1223: 6.68 | AM1223: =$Z$2/(1+AL1223/100)^(AK1223/252) -> 63774.167 | AN1223: =LOG(AM1223/AM1224) -> 0.00096138497 | AP1223: =AB1223*$AF$4 -> -0.00016271946 | AQ1223: =AN1223*$AF$7 -> 0.00028841549 | AR1223: =AQ1223+AP1223 -> 0.00012569603
B1224: 43853 | C1224: 3798.49 | D1224: 43861 | E1224: 4.2689 | F1224: 43846 | G1224: 129.199 | H1224: =G1224*E1224*1000 -> 551537.61 | I1224: 43853 | J1224: 5078.22 | K1224: =J1224*10 -> 50782.2 | L1224: 43853 | M1224: 2.85 | P1224: 43847 | Q1224: 3.16 | X1224: 43853 | Y1224: =NETWORKDAYS(X1224,$Z$1,FERIADO!$A$2:$A$408) -> 2767 | Z1224: 7.17 | AA1224: =$Z$2/(1+Z1224/100)^(Y1224/252) -> 46751.027 | AB1224: =LOG(AA1224/AA1225) -> 0.0014545099 | AJ1224: 43853 | AK1224: =NETWORKDAYS(AJ1224,$AJ$1,FERIADO!$A$2:$A$408) -> 1754 | AL1224: 6.71 | AM1224: =$Z$2/(1+AL1224/100)^(AK1224/252) -> 63633.148 | AN1224: =LOG(AM1224/AM1225) -> -0.0001715247 | AP1224: =AB1224*$AF$4 -> 0.00072725493 | AQ1224: =AN1224*$AF$7 -> -5.145741e-05 | AR1224: =AQ1224+AP1224 -> 0.00067579752
... B1237: 43836 | C1237: 3705.7 | D1237: 43844 | E1237: 4.1437 | F1237: 43825 | G1237: 128.481 | H1237: =G1237*E1237*1000 -> 532386.72 | I1237: 43836 | J1237: 4949.84 | K1237: =J1237*10 -> 49498.4 | L1237: 43836 | M1237: 2.89 | P1237: 43826 | Q1237: 3.2 | X1237: 43836 | Y1237: =NETWORKDAYS(X1237,$Z$1,FERIADO!$A$2:$A$408) -> 2780 | Z1237: 7.14 | AA1237: =$Z$2/(1+Z1237/100)^(Y1237/252) -> 46728.419 | AB1237: =LOG(AA1237/AA1238) -> -0.00030176235 | AJ1237: 43836 | AK1237: =NETWORKDAYS(AJ1237,$AJ$1,FERIADO!$A$2:$A$408) -> 1767 | AL1237: 6.79 | AM1237: =$Z$2/(1+AL1237/100)^(AK1237/252) -> 63087.925 | AN1237: =LOG(AM1237/AM1238) -> -0.0010282857 | AP1237: =AB1237*$AF$4 -> -0.00015088117 | AQ1237: =AN1237*$AF$7 -> -0.0003084857 | AR1237: =AQ1237+AP1237 -> -0.00045936687
B1238: 43833 | C1238: 3696.85 | D1238: 43843 | E1238: 4.1303 | F1238: 43822 | G1238: 128.149 | H1238: =G1238*E1238*1000 -> 529293.81 | I1238: 43833 | J1238: 4943.75 | K1238: =J1238*10 -> 49437.5 | L1238: 43833 | M1238: 2.83 | P1238: 43825 | Q1238: 3.17 | X1238: 43829 | Y1238: =NETWORKDAYS(X1238,$Z$1,FERIADO!$A$2:$A$408) -> 2785 | Z1238: 7.12 | AA1238: =$Z$2/(1+Z1238/100)^(Y1238/252) -> 46760.899 | AB1238: =LOG(AA1238/AA1239) -> #DIV/0! | AJ1238: 43833 | AK1238: =NETWORKDAYS(AJ1238,$AJ$1,FERIADO!$A$2:$A$408) -> 1768 | AL1238: 6.75 | AM1238: =$Z$2/(1+AL1238/100)^(AK1238/252) -> 63237.476 | AN1238: =LOG(AM1238/AM1239) -> -0.001030005
B1239: 43832 | C1239: 3718.33 | D1239: 43840 | E1239: 4.0739 | F1239: 43819 | G1239: 128.242 | H1239: =G1239*E1239*1000 -> 522445.08 | I1239: 43832 | J1239: 4904.81 | K1239: =J1239*10 -> 49048.1 | L1239: 43832 | M1239: 2.81 | P1239: 43822 | Q1239: 3.26 | AJ1239: 43832 | AK1239: =NETWORKDAYS(AJ1239,$AJ$1,FERIADO!$A$2:$A$408) -> 1769 | AL1239: 6.71 | AM1239: =$Z$2/(1+AL1239/100)^(AK1239/252) -> 63387.633 | AN1239: =LOG(AM1239/AM1240) -> -0.19799546
B1240: 43829 | C1240: 3697.41 | D1240: 43839 | E1240: 4.0738 | F1240: 43818 | G1240: 128.351 | H1240: =G1240*E1240*1000 -> 522876.3 | I1240: 43829 | J1240: 4898.12 | K1240: =J1240*10 -> 48981.2 | L1240: 43829 | M1240: 2.84 | P1240: 43819 | Q1240: 3.28 | AJ1240: 43829 | AL1240: 6.76 | AM1240: =$Z$2/(1+AL1240/100)^(AK1240/252) -> 100000 | AN1240: =LOG(AM1240/AM1241) -> 0
B1241: 43826 | C1241: 3702.77 | D1241: 43838 | E1241: 4.0666 | F1241: 43817 | G1241: 128.214 | H1241: =G1241*E1241*1000 -> 521395.05 | I1241: 43826 | J1241: 4929.76 | K1241: =J1241*10 -> 49297.6 | L1241: 43826 | M1241: 2.85 | P1241: 43818 | Q1241: 3.35 | AJ1241: 43826 | AL1241: 6.84 | AM1241: =$Z$2/(1+AL1241/100)^(AK1241/252) -> 100000 | AN1241: =LOG(AM1241/AM1242) -> 0
B1242: 43825 | C1242: 3699.32 | D1242: 43837 | E1242: 4.0835 | F1242: 43816 | G1242: 128.472 | H1242: =G1242*E1242*1000 -> 524615.41 | I1242: 43825 | J1242: 4945 | K1242: =J1242*10 -> 49450 | L1242: 43825 | M1242: 2.88 | P1242: 43817 | Q1242: 3.2 | AJ1242: 43825 | AL1242: 6.85 | AM1242: =$Z$2/(1+AL1242/100)^(AK1242/252) -> 100000 | AN1242: =LOG(AM1242/AM1243) -> 0
B1243: 43822 | C1243: 3684.93 | D1243: 43836 | E1243: 4.0548 | F1243: 43815 | G1243: 128.463 | H1243: =G1243*E1243*1000 -> 520891.77 | I1243: 43822 | J1243: 4978.53 | K1243: =J1243*10 -> 49785.3 | L1243: 43822 | M1243: 2.92 | P1243: 43816 | Q1243: 3.17 | AJ1243: 43822 | AL1243: 6.93 | AM1243: =$Z$2/(1+AL1243/100)^(AK1243/252) -> 100000 | AN1243: =LOG(AM1243/AM1244) -> 0
B1244: 43819 | C1244: 3686.02 | D1244: 43833 | E1244: 4.0516 | F1244: 43812 | G1244: 129.012 | H1244: =G1244*E1244*1000 -> 522705.02 | I1244: 43819 | J1244: 5004.13 | K1244: =J1244*10 -> 50041.3 | L1244: 43819 | M1244: 2.95 | P1244: 43815 | Q1244: 3.08 | AJ1244: 43819 | AL1244: 6.99 | AM1244: =$Z$2/(1+AL1244/100)^(AK1244/252) -> 100000 | AN1244: =LOG(AM1244/AM1245) -> 0
B1245: 43818 | C1245: 3668.51 | D1245: 43832 | E1245: 4.0207 | F1245: 43811 | G1245: 128.36 | H1245: =G1245*E1245*1000 -> 516097.05 | I1245: 43818 | J1245: 4963.29 | K1245: =J1245*10 -> 49632.9 | L1245: 43818 | M1245: 3.02 | P1245: 43812 | Q1245: 3.04 | AJ1245: 43818 | AL1245: 7.06 | AM1245: =$Z$2/(1+AL1245/100)^(AK1245/252) -> 100000 | AN1245: =LOG(AM1245/AM1246) -> 0
B1246: 43817 | C1246: 3656.05 | D1246: 43830 | E1246: 4.0301 | F1246: 43810 | G1246: 129.264 | H1246: =G1246*E1246*1000 -> 520946.85 | I1246: 43817 | J1246: 4954.75 | K1246: =J1246*10 -> 49547.5 | L1246: 43817 | M1246: 2.86 | P1246: 43811 | Q1246: 3.04 | AJ1246: 43817 | AL1246: 6.9 | AM1246: =$Z$2/(1+AL1246/100)^(AK1246/252) -> 100000 | AN1246: =LOG(AM1246/AM1247) -> 0
B1247: 43816 | C1247: 3660.32 | D1247: 43829 | E1247: 4.0301 | F1247: 43809 | G1247: 128.88 | H1247: =G1247*E1247*1000 -> 519399.29 | I1247: 43816 | J1247: 4961.46 | K1247: =J1247*10 -> 49614.6 | L1247: 43816 | M1247: 2.82 | P1247: 43810 | Q1247: 3.03 | AJ1247: 43816 | AL1247: 6.93 | AM1247: =$Z$2/(1+AL1247/100)^(AK1247/252) -> 100000 | AN1247: =LOG(AM1247/AM1248) -> 0
...

Sheet FERIADO
A1: HOLIDAYS BZ
A2: 44197
A3: 44242
A4: 44243
A5: 44288
A6: 44307
A7: 44317
A8: 44350
A9: 44446
A10: 44481
A11: 44502
A12: 44515
A13: 44555
... A408: 21977
